filename,width,height,class,xmin,ymin,xmax,ymax
_2015-02-16_23-44-38-4090_90.bmp,256,192,onion,125,70,169,113
_2015-02-16_23-44-38-4090_90.bmp,256,192,onion,97,37,140,86
_2015-02-16_23-44-38-4090_90.bmp,256,192,onion,49,50,93,95
_2015-02-16_23-44-38-4090_90.bmp,256,192,onion,13,37,54,75
_2015-02-16_23-44-38-4090_90.bmp,256,192,onion,11,75,55,112
_2015-02-16_23-44-38-4090_90.bmp,256,192,onion,10,113,56,152
_2015-02-16_23-44-38-4090_90.bmp,256,192,onion,86,77,122,116
_2015-02-16_23-44-38-4090_90.bmp,256,192,onion,123,113,166,157
_2015-02-16_23-44-38-4090_90.bmp,256,192,onion,79,116,121,158
_2015-02-16_23-44-38-4090_90.bmp,256,192,onion,49,95,87,134
_2015-02-16_23-44-38-4090_90.bmp,256,192,onion,54,149,94,191
_2015-02-16_23-44-38-4090_90.bmp,256,192,onion,12,152,54,190
_2015-02-16_23-44-38-4090_90.bmp,256,192,onion,94,153,133,190
_2015-02-16_23-44-38-4090_90.bmp,256,192,onion,132,154,172,191
_2015-02-16_23-44-38-4090_90.bmp,256,192,onion,62,11,108,58
_2015-02-16_23-44-38-4090_90.bmp,256,192,onion,25,0,63,38
_2015-02-16_23-44-49-4650_90.bmp,256,192,onion,40,29,82,74
_2015-02-16_23-44-49-4650_90.bmp,256,192,onion,93,75,134,117
_2015-02-16_23-44-49-4650_90.bmp,256,192,onion,104,115,147,153
_2015-02-16_23-44-49-4650_90.bmp,256,192,onion,54,70,97,112
_2015-02-16_23-44-49-4650_90.bmp,256,192,onion,10,76,54,115
_2015-02-16_23-44-49-4650_90.bmp,256,192,onion,13,114,51,153
_2015-02-16_23-44-49-4650_90.bmp,256,192,onion,51,113,94,154
_2015-02-16_23-45-01-3360_90.bmp,256,192,onion,96,115,139,156
_2015-02-16_23-45-01-3360_90.bmp,256,192,onion,55,110,96,153
_2015-02-16_23-45-01-3360_90.bmp,256,192,onion,12,113,55,153
_2015-02-16_23-45-01-3360_90.bmp,256,192,onion,105,50,148,96
_2015-02-16_23-45-01-3360_90.bmp,256,192,onion,67,62,109,109
_2015-02-16_23-45-01-3360_90.bmp,256,192,onion,12,74,60,112
_2015-02-16_23-45-01-3360_90.bmp,256,192,onion,18,32,60,75
_2015-02-16_23-45-01-3360_90.bmp,256,192,onion,77,19,121,62
_2015-02-16_23-45-04-0970_90.bmp,256,192,onion,28,39,70,81
_2015-02-16_23-45-04-0970_90.bmp,256,192,onion,63,73,107,117
_2015-02-16_23-45-04-0970_90.bmp,256,192,onion,60,117,103,157
_2015-02-16_23-45-04-0970_90.bmp,256,192,onion,12,115,58,157
_2015-02-16_23-45-04-0970_90.bmp,256,192,onion,13,76,52,116
_2015-02-16_23-45-14-4260_90.bmp,256,192,onion,10,63,53,106
_2015-02-16_23-45-14-4260_90.bmp,256,192,onion,67,72,110,112
_2015-02-16_23-45-14-4260_90.bmp,256,192,onion,95,108,138,146
_2015-02-16_23-45-14-4260_90.bmp,256,192,onion,98,149,138,187
_2015-02-16_23-45-14-4260_90.bmp,256,192,onion,56,151,97,186
_2015-02-16_23-45-14-4260_90.bmp,256,192,onion,51,113,91,152
_2015-02-16_23-45-14-4260_90.bmp,256,192,onion,12,107,52,146
_2015-02-16_23-45-14-4260_90.bmp,256,192,onion,13,147,57,187
_2015-02-16_23-45-17-1750_90.bmp,256,192,onion,23,27,81,62
_2015-02-16_23-45-17-1750_90.bmp,256,192,onion,17,65,58,102
_2015-02-16_23-45-17-1750_90.bmp,256,192,onion,51,84,92,123
_2015-02-16_23-45-17-1750_90.bmp,256,192,onion,10,100,59,151
_2015-02-16_23-45-17-1750_90.bmp,256,192,onion,122,123,161,163
_2015-02-16_23-45-17-1750_90.bmp,256,192,onion,97,149,136,190
_2015-02-16_23-45-17-1750_90.bmp,256,192,onion,74,116,119,160
_2015-02-16_23-45-17-1750_90.bmp,256,192,onion,51,144,94,191
_2015-02-16_23-45-17-1750_90.bmp,256,192,onion,12,149,53,190
_2015-02-16_23-45-17-1750_90.bmp,256,192,onion,145,154,179,191
_2015-02-16_23-45-26-1950_90.bmp,256,192,onion,10,72,57,123
_2015-02-16_23-45-26-1950_90.bmp,256,192,onion,57,80,99,124
_2015-02-16_23-45-26-1950_90.bmp,256,192,onion,13,148,53,188
_2015-02-16_23-45-26-1950_90.bmp,256,192,onion,36,114,80,159
_2015-02-16_23-45-26-1950_90.bmp,256,192,onion,80,117,122,160
_2015-02-16_23-45-26-1950_90.bmp,256,192,onion,106,150,152,191
_2015-02-16_23-45-26-1950_90.bmp,256,192,onion,54,149,97,190
_2015-02-16_23-45-29-0190_90.bmp,256,192,onion,27,107,70,148
_2015-02-16_23-45-29-0190_90.bmp,256,192,onion,70,112,113,157
_2015-02-16_23-45-29-0190_90.bmp,256,192,onion,103,147,143,189
_2015-02-16_23-45-29-0190_90.bmp,256,192,onion,50,145,92,187
_2015-02-16_23-45-29-0190_90.bmp,256,192,onion,11,142,50,186
_2015-02-16_23-45-39-5080_90.bmp,256,192,onion,61,53,102,93
_2015-02-16_23-45-39-5080_90.bmp,256,192,onion,24,72,67,116
_2015-02-16_23-45-39-5080_90.bmp,256,192,onion,81,88,121,126
_2015-02-16_23-45-39-5080_90.bmp,256,192,onion,100,117,152,159
_2015-02-16_23-45-39-5080_90.bmp,256,192,onion,12,111,51,149
_2015-02-16_23-45-39-5080_90.bmp,256,192,onion,50,108,93,153
_2015-02-16_23-45-39-5080_90.bmp,256,192,onion,20,148,71,190
_2015-02-16_23-45-39-5080_90.bmp,256,192,onion,75,146,118,188
_2015-02-16_23-45-39-5080_90.bmp,256,192,onion,119,152,163,190
_2015-02-16_23-45-42-2680_90.bmp,256,192,onion,22,17,77,71
_2015-02-16_23-45-42-2680_90.bmp,256,192,onion,98,74,139,114
_2015-02-16_23-45-42-2680_90.bmp,256,192,onion,57,65,99,105
_2015-02-16_23-45-42-2680_90.bmp,256,192,onion,13,68,57,108
_2015-02-16_23-45-42-2680_90.bmp,256,192,onion,15,110,56,152
_2015-02-16_23-45-42-2680_90.bmp,256,192,onion,56,106,98,148
_2015-02-16_23-45-42-2680_90.bmp,256,192,onion,105,115,146,156
_2015-02-16_23-45-42-2680_90.bmp,256,192,onion,99,153,137,187
_2015-02-16_23-45-42-2680_90.bmp,256,192,onion,57,148,99,188
_2015-02-16_23-45-42-2680_90.bmp,256,192,onion,13,151,56,188
_2015-02-16_23-45-51-4060_90.bmp,256,192,onion,59,79,103,122
_2015-02-16_23-45-51-4060_90.bmp,256,192,onion,144,116,188,161
_2015-02-16_23-45-51-4060_90.bmp,256,192,onion,88,110,135,154
_2015-02-16_23-45-51-4060_90.bmp,256,192,onion,32,111,74,155
_2015-02-16_23-45-51-4060_90.bmp,256,192,onion,12,72,59,114
_2015-02-16_23-43-33-6170_90.bmp,256,192,onion,11,76,49,118
_2015-02-16_23-43-33-6170_90.bmp,256,192,onion,49,76,90,119
_2015-02-16_23-43-33-6170_90.bmp,256,192,onion,90,81,132,122
_2015-02-16_23-43-33-6170_90.bmp,256,192,onion,99,42,144,83
_2015-02-16_23-43-33-6170_90.bmp,256,192,onion,54,34,100,77
_2015-02-16_23-43-33-6170_90.bmp,256,192,onion,11,36,53,76
_2015-02-16_23-43-33-6170_90.bmp,256,192,onion,133,80,175,120
_2015-02-16_23-43-33-6170_90.bmp,256,192,onion,171,66,214,109
_2015-02-16_23-43-33-6170_90.bmp,256,192,onion,204,98,246,136
_2015-02-16_23-43-33-6170_90.bmp,256,192,onion,113,0,156,38
_2015-02-16_23-43-33-6170_90.bmp,256,192,onion,59,0,98,32
_2015-02-16_23-43-33-6170_90.bmp,256,192,onion,19,153,64,191
_2015-02-16_23-43-33-6170_90.bmp,256,192,onion,161,152,206,190
_2015-02-16_23-43-33-6170_90.bmp,256,192,onion,201,136,247,177
_2015-02-16_23-43-33-6170_90.bmp,256,192,onion,19,0,59,35
_2015-02-16_23-43-35-9400_90.bmp,256,192,onion,13,14,53,55
_2015-02-16_23-43-35-9400_90.bmp,256,192,onion,12,70,52,108
_2015-02-16_23-43-35-9400_90.bmp,256,192,onion,12,110,53,153
_2015-02-16_23-43-35-9400_90.bmp,256,192,onion,53,114,93,155
_2015-02-16_23-43-35-9400_90.bmp,256,192,onion,52,76,90,112
_2015-02-16_23-43-35-9400_90.bmp,256,192,onion,36,41,76,78
_2015-02-16_23-43-35-9400_90.bmp,256,192,onion,71,20,116,64
_2015-02-16_23-43-35-9400_90.bmp,256,192,onion,109,10,154,52
_2015-02-16_23-43-35-9400_90.bmp,256,192,onion,87,64,127,101
_2015-02-16_23-43-35-9400_90.bmp,256,192,onion,91,102,130,144
_2015-02-16_23-43-35-9400_90.bmp,256,192,onion,124,120,167,156
_2015-02-16_23-43-35-9400_90.bmp,256,192,onion,125,82,170,119
_2015-02-16_23-43-35-9400_90.bmp,256,192,onion,125,49,171,81
_2015-02-16_23-43-35-9400_90.bmp,256,192,onion,154,15,199,55
_2015-02-16_23-43-35-9400_90.bmp,256,192,onion,158,136,202,178
_2015-02-16_23-43-35-9400_90.bmp,256,192,onion,200,115,243,161
_2015-02-16_23-43-35-9400_90.bmp,256,192,onion,201,78,244,115
_2015-02-16_23-43-35-9400_90.bmp,256,192,onion,205,38,249,77
_2015-02-16_23-43-35-9400_90.bmp,256,192,onion,171,54,210,93
_2015-02-16_23-43-35-9400_90.bmp,256,192,onion,163,96,201,137
_2015-02-16_23-43-35-9400_90.bmp,256,192,onion,198,2,247,41
_2015-02-16_23-43-45-6190_90.bmp,256,192,onion,13,17,53,56
_2015-02-16_23-43-45-6190_90.bmp,256,192,onion,50,30,91,68
_2015-02-16_23-43-45-6190_90.bmp,256,192,onion,16,58,54,97
_2015-02-16_23-43-45-6190_90.bmp,256,192,onion,9,98,64,152
_2015-02-16_23-43-45-6190_90.bmp,256,192,onion,63,64,106,107
_2015-02-16_23-43-45-6190_90.bmp,256,192,onion,99,45,144,85
_2015-02-16_23-43-45-6190_90.bmp,256,192,onion,133,20,172,60
_2015-02-16_23-43-45-6190_90.bmp,256,192,onion,107,80,161,135
_2015-02-16_23-43-45-6190_90.bmp,256,192,onion,65,108,115,155
_2015-02-16_23-43-45-6190_90.bmp,256,192,onion,205,108,247,146
_2015-02-16_23-43-45-6190_90.bmp,256,192,onion,177,131,217,173
_2015-02-16_23-43-45-6190_90.bmp,256,192,onion,95,148,145,191
_2015-02-16_23-43-45-6190_90.bmp,256,192,onion,147,57,191,98
_2015-02-16_23-43-45-6190_90.bmp,256,192,onion,190,74,230,111
_2015-02-16_23-43-45-6190_90.bmp,256,192,onion,162,95,199,134
_2015-02-16_23-43-45-6190_90.bmp,256,192,onion,133,126,174,161
_2015-02-16_23-43-45-6190_90.bmp,256,192,onion,177,30,221,70
_2015-02-16_23-43-45-6190_90.bmp,256,192,onion,206,10,247,47
_2015-02-16_23-43-45-6190_90.bmp,256,192,onion,210,49,249,87
_2015-02-16_23-43-45-6190_90.bmp,256,192,onion,10,149,55,187
_2015-02-16_23-43-45-6190_90.bmp,256,192,onion,52,151,92,189
_2015-02-16_23-43-58-2650_90.bmp,256,192,onion,54,63,104,112
_2015-02-16_23-43-58-2650_90.bmp,256,192,onion,25,30,72,77
_2015-02-16_23-43-58-2650_90.bmp,256,192,onion,116,107,157,147
_2015-02-16_23-43-58-2650_90.bmp,256,192,onion,12,104,52,142
_2015-02-16_23-43-58-2650_90.bmp,256,192,onion,54,113,92,152
_2015-02-16_23-43-58-2650_90.bmp,256,192,onion,124,146,169,190
_2015-02-16_23-43-58-2650_90.bmp,256,192,onion,11,140,64,190
_2015-02-16_23-43-58-2650_90.bmp,256,192,onion,71,140,125,190
_2015-02-16_23-44-11-0580_90.bmp,256,192,onion,14,47,55,84
_2015-02-16_23-44-11-0580_90.bmp,256,192,onion,16,85,70,140
_2015-02-16_23-44-11-0580_90.bmp,256,192,onion,66,115,106,153
_2015-02-16_23-44-11-0580_90.bmp,256,192,onion,20,140,77,191
_2015-02-16_23-44-11-0580_90.bmp,256,192,onion,76,152,116,191
_2015-02-16_23-44-12-4710_90.bmp,256,192,onion,70,5,109,45
_2015-02-16_23-44-12-4710_90.bmp,256,192,onion,27,28,80,76
_2015-02-16_23-44-12-4710_90.bmp,256,192,onion,80,45,120,88
_2015-02-16_23-44-12-4710_90.bmp,256,192,onion,104,79,146,118
_2015-02-16_23-44-12-4710_90.bmp,256,192,onion,53,76,91,116
_2015-02-16_23-44-12-4710_90.bmp,256,192,onion,13,75,52,114
_2015-02-16_23-44-12-4710_90.bmp,256,192,onion,90,134,133,179
_2015-02-16_23-44-12-4710_90.bmp,256,192,onion,10,129,58,182
_2015-02-16_23-44-12-4710_90.bmp,256,192,onion,31,129,32,129
_2015-02-16_23-44-12-4710_90.bmp,256,192,onion,55,154,91,191
_2015-02-16_23-44-13-8310_90.bmp,256,192,onion,7,19,59,71
_2015-02-16_23-44-13-8310_90.bmp,256,192,onion,89,29,134,72
_2015-02-16_23-44-13-8310_90.bmp,256,192,onion,90,73,132,112
_2015-02-16_23-44-13-8310_90.bmp,256,192,onion,53,53,95,93
_2015-02-16_23-44-13-8310_90.bmp,256,192,onion,13,71,58,111
_2015-02-16_23-44-13-8310_90.bmp,256,192,onion,11,110,53,149
_2015-02-16_23-44-13-8310_90.bmp,256,192,onion,11,150,61,186
_2015-02-16_23-44-13-8310_90.bmp,256,192,onion,60,143,103,187
_2015-02-16_23-44-13-8310_90.bmp,256,192,onion,113,137,165,191
_2015-02-16_23-44-13-8310_90.bmp,256,192,onion,89,112,128,154
_2015-02-16_23-44-13-8310_90.bmp,256,192,onion,49,93,92,136
_2015-02-16_23-44-23-4940_90.bmp,256,192,onion,60,30,105,70
_2015-02-16_23-44-23-4940_90.bmp,256,192,onion,12,74,53,111
_2015-02-16_23-44-23-4940_90.bmp,256,192,onion,61,71,104,111
_2015-02-16_23-44-23-4940_90.bmp,256,192,onion,102,110,144,152
_2015-02-16_23-44-23-4940_90.bmp,256,192,onion,112,152,152,191
_2015-02-16_23-44-23-4940_90.bmp,256,192,onion,13,113,56,150
_2015-02-16_23-44-23-4940_90.bmp,256,192,onion,58,111,101,152
_2015-02-16_23-44-23-4940_90.bmp,256,192,onion,14,149,57,190
_2015-02-16_23-44-23-4940_90.bmp,256,192,onion,55,151,99,190
_2015-02-16_23-44-36-1320_90.bmp,256,192,onion,132,119,168,157
_2015-02-16_23-44-36-1320_90.bmp,256,192,onion,92,114,131,155
_2015-02-16_23-44-36-1320_90.bmp,256,192,onion,51,116,91,154
_2015-02-16_23-44-36-1320_90.bmp,256,192,onion,10,112,51,153
_2015-02-16_23-44-36-1320_90.bmp,256,192,onion,29,76,72,117
_2015-02-16_23-44-36-1320_90.bmp,256,192,onion,13,35,54,76
_2015-02-16_23-44-36-1320_90.bmp,256,192,onion,109,82,148,124
_2015-02-16_23-44-36-1320_90.bmp,256,192,onion,72,83,107,121
_2015-02-16_23-44-36-1320_90.bmp,256,192,onion,57,47,98,82
_2015-02-16_23-44-36-1320_90.bmp,256,192,onion,97,45,139,83
_2015-02-16_23-44-36-1320_90.bmp,256,192,onion,93,5,138,45
_2015-02-16_23-44-36-1320_90.bmp,256,192,onion,44,6,92,50
_2015-02-16_23-45-54-1910_90.bmp,256,192,onion,12,70,69,119
_2015-02-16_23-45-54-1910_90.bmp,256,192,onion,112,82,153,122
_2015-02-16_23-45-54-1910_90.bmp,256,192,onion,69,77,115,118
_2015-02-16_23-45-54-1910_90.bmp,256,192,onion,95,41,136,82
_2015-02-16_23-45-54-1910_90.bmp,256,192,onion,124,5,165,47
_2015-02-16_23-45-54-1910_90.bmp,256,192,onion,58,43,96,82
_2015-02-16_23-45-54-1910_90.bmp,256,192,onion,16,30,60,71
_2015-02-16_23-45-54-1910_90.bmp,256,192,onion,57,3,102,43
_2015-02-16_23-46-04-6110_90.bmp,256,192,onion,94,79,140,119
_2015-02-16_23-46-04-6110_90.bmp,256,192,onion,52,79,91,118
_2015-02-16_23-46-04-6110_90.bmp,256,192,onion,14,78,53,118
_2015-02-16_23-46-04-6110_90.bmp,256,192,onion,19,40,60,78
_2015-02-16_23-46-04-6110_90.bmp,256,192,onion,61,37,103,79
_2015-02-16_23-46-06-9290_90.bmp,256,192,onion,13,69,53,110
_2015-02-16_23-46-06-9290_90.bmp,256,192,onion,101,114,141,155
_2015-02-16_23-46-06-9290_90.bmp,256,192,onion,52,110,98,154
_2015-02-16_23-46-06-9290_90.bmp,256,192,onion,13,111,54,153
_2015-02-16_23-46-17-2470_90.bmp,256,192,onion,27,71,67,111
_2015-02-16_23-46-17-2470_90.bmp,256,192,onion,11,108,53,148
_2015-02-16_23-46-17-2470_90.bmp,256,192,onion,51,102,92,144
_2015-02-16_23-46-17-2470_90.bmp,256,192,onion,13,145,54,187
_2015-02-16_23-46-17-2470_90.bmp,256,192,onion,54,148,88,188
_2015-02-16_23-46-17-2470_90.bmp,256,192,onion,88,141,136,192
_2015-02-16_23-46-20-0110_90.bmp,256,192,onion,14,58,56,101
_2015-02-16_23-46-20-0110_90.bmp,256,192,onion,51,65,97,113
_2015-02-16_23-46-20-0110_90.bmp,256,192,onion,16,101,55,143
_2015-02-16_23-46-20-0110_90.bmp,256,192,onion,69,112,109,148
_2015-02-16_23-46-20-0110_90.bmp,256,192,onion,12,143,62,190
_2015-02-16_23-46-20-0110_90.bmp,256,192,onion,61,148,104,189
_2015-02-16_23-46-20-0110_90.bmp,256,192,onion,104,153,143,191
_2015-02-16_23-46-22-3280_90.bmp,256,192,onion,62,42,102,82
_2015-02-16_23-46-22-3280_90.bmp,256,192,onion,27,76,69,114
_2015-02-16_23-46-22-3280_90.bmp,256,192,onion,10,114,51,150
_2015-02-16_23-46-22-3280_90.bmp,256,192,onion,45,122,96,173
_2015-02-16_23-46-22-3280_90.bmp,256,192,onion,69,86,115,126
_2015-02-16_23-46-22-3280_90.bmp,256,192,onion,101,116,140,157
_2015-02-16_23-46-22-3280_90.bmp,256,192,onion,115,149,157,190
_2015-02-16_23-46-22-3280_90.bmp,256,192,onion,14,150,52,189
_2015-02-16_23-46-22-8020_90.bmp,256,192,onion,59,0,97,38
_2015-02-16_23-46-22-8020_90.bmp,256,192,onion,28,40,68,78
_2015-02-16_23-46-22-8020_90.bmp,256,192,onion,10,78,51,115
_2015-02-16_23-46-22-8020_90.bmp,256,192,onion,48,87,97,134
_2015-02-16_23-46-22-8020_90.bmp,256,192,onion,70,49,116,92
_2015-02-16_23-46-22-8020_90.bmp,256,192,onion,102,80,141,120
_2015-02-16_23-46-22-8020_90.bmp,256,192,onion,119,113,161,155
_2015-02-16_23-46-22-8020_90.bmp,256,192,onion,12,113,57,154
_2015-02-16_23-46-22-8020_90.bmp,256,192,onion,57,135,96,171
_2015-02-16_23-46-22-8020_90.bmp,256,192,onion,18,155,63,192
_2015-02-16_23-46-22-8020_90.bmp,256,192,onion,91,148,135,190
_2015-02-16_23-46-22-8020_90.bmp,256,192,onion,134,152,173,192
_2015-02-16_23-46-30-0770_90.bmp,256,192,onion,14,33,53,72
_2015-02-16_23-46-30-0770_90.bmp,256,192,onion,12,74,56,117
_2015-02-16_23-46-30-0770_90.bmp,256,192,onion,32,116,70,152
_2015-02-16_23-46-30-0770_90.bmp,256,192,onion,76,114,115,155
_2015-02-16_23-46-30-0770_90.bmp,256,192,onion,13,152,54,187
_2015-02-16_23-46-30-0770_90.bmp,256,192,onion,54,148,93,189
_2015-02-16_23-46-30-0770_90.bmp,256,192,onion,95,151,133,188
_2015-02-16_23-46-32-8720_90.bmp,256,192,onion,16,107,58,149
_2015-02-16_23-46-32-8720_90.bmp,256,192,onion,82,116,123,157
_2015-02-16_23-46-32-8720_90.bmp,256,192,onion,12,150,56,188
_2015-02-16_23-46-32-8720_90.bmp,256,192,onion,58,148,98,186
_2015-02-16_23-46-32-8720_90.bmp,256,192,onion,99,148,145,190
_2015-02-16_23-46-44-0530_90.bmp,256,192,onion,14,109,58,146
_2015-02-16_23-46-44-0530_90.bmp,256,192,onion,87,124,131,164
_2015-02-16_23-46-44-0530_90.bmp,256,192,onion,124,150,165,190
_2015-02-16_23-46-44-0530_90.bmp,256,192,onion,13,147,54,186
_2015-02-16_23-46-44-0530_90.bmp,256,192,onion,55,145,95,187
_2015-02-16_23-46-46-8270_90.bmp,256,192,onion,39,72,80,112
_2015-02-16_23-46-46-8270_90.bmp,256,192,onion,11,105,53,144
_2015-02-16_23-46-46-8270_90.bmp,256,192,onion,15,145,65,190
_2015-02-16_23-46-46-8270_90.bmp,256,192,onion,52,110,94,153
_2015-02-16_23-46-46-8270_90.bmp,256,192,onion,70,149,109,188
_2015-02-16_23-46-46-8270_90.bmp,256,192,onion,110,150,152,190
_2015-02-16_23-46-49-6020_90.bmp,256,192,onion,13,28,58,68
_2015-02-16_23-46-49-6020_90.bmp,256,192,onion,15,69,60,112
_2015-02-16_23-46-49-6020_90.bmp,256,192,onion,14,113,49,151
_2015-02-16_23-46-49-6020_90.bmp,256,192,onion,50,111,89,154
_2015-02-16_23-46-49-6020_90.bmp,256,192,onion,91,40,133,82
_2015-02-16_23-46-49-6020_90.bmp,256,192,onion,57,67,106,114
_2015-02-16_23-46-49-6020_90.bmp,256,192,onion,106,80,148,119
_2015-02-16_23-46-49-6020_90.bmp,256,192,onion,89,112,128,156
_2015-02-16_23-46-49-6020_90.bmp,256,192,onion,131,112,172,156
_2015-02-16_23-46-55-5090_90.bmp,256,192,onion,13,18,54,60
_2015-02-16_23-46-55-5090_90.bmp,256,192,onion,11,73,58,116
_2015-02-16_23-46-55-5090_90.bmp,256,192,onion,169,72,207,113
_2015-02-16_23-46-55-5090_90.bmp,256,192,onion,102,78,143,119
_2015-02-16_23-46-55-5090_90.bmp,256,192,onion,60,80,101,119
_2015-02-16_23-46-55-5090_90.bmp,256,192,onion,83,42,123,82
_2015-02-16_23-46-55-5090_90.bmp,256,192,onion,107,0,148,41
_2015-02-16_23-46-55-5090_90.bmp,256,192,onion,58,6,103,48
_2015-02-16_23-46-55-5090_90.bmp,256,192,onion,43,44,86,85
_2015-02-16_23-46-55-5090_90.bmp,256,192,onion,44,152,84,192
_2015-02-16_23-46-58-2550_90.bmp,256,192,onion,16,4,59,47
_2015-02-16_23-46-58-2550_90.bmp,256,192,onion,59,17,101,61
_2015-02-16_23-46-58-2550_90.bmp,256,192,onion,88,47,131,89
_2015-02-16_23-46-58-2550_90.bmp,256,192,onion,109,83,150,123
_2015-02-16_23-46-58-2550_90.bmp,256,192,onion,58,76,101,120
_2015-02-16_23-46-58-2550_90.bmp,256,192,onion,27,47,70,87
_2015-02-16_23-46-58-2550_90.bmp,256,192,onion,14,82,56,123
_2015-02-16_23-46-58-2550_90.bmp,256,192,onion,51,151,91,191
_2015-02-16_23-47-08-9750_90.bmp,256,192,onion,104,10,145,52
_2015-02-16_23-47-08-9750_90.bmp,256,192,onion,51,11,93,49
_2015-02-16_23-47-08-9750_90.bmp,256,192,onion,13,31,56,73
_2015-02-16_23-47-08-9750_90.bmp,256,192,onion,50,49,91,93
_2015-02-16_23-47-08-9750_90.bmp,256,192,onion,16,74,56,115
_2015-02-16_23-47-08-9750_90.bmp,256,192,onion,13,114,56,155
_2015-02-16_23-47-08-9750_90.bmp,256,192,onion,49,93,90,130
_2015-02-16_23-47-08-9750_90.bmp,256,192,onion,84,103,132,155
_2015-02-16_23-47-08-9750_90.bmp,256,192,onion,86,64,130,103
_2015-02-16_23-47-08-9750_90.bmp,256,192,onion,125,82,165,120
_2015-02-16_23-47-08-9750_90.bmp,256,192,onion,130,120,169,156
_2015-02-16_23-47-11-2680_90.bmp,256,192,onion,13,37,58,81
_2015-02-16_23-47-11-2680_90.bmp,256,192,onion,56,38,99,79
_2015-02-16_23-47-11-2680_90.bmp,256,192,onion,13,81,54,121
_2015-02-16_23-47-11-2680_90.bmp,256,192,onion,62,76,109,120
_2015-02-16_23-47-11-2680_90.bmp,256,192,onion,38,111,90,160
_2015-02-16_23-47-11-2680_90.bmp,256,192,onion,91,112,131,155
_2015-02-16_23-47-11-2680_90.bmp,256,192,onion,112,149,151,191
_2015-02-16_23-47-11-2680_90.bmp,256,192,onion,72,148,113,189
_2015-02-16_23-47-11-2680_90.bmp,256,192,onion,18,148,66,190
_2015-02-16_23-47-21-5210_90.bmp,256,192,onion,82,86,124,126
_2015-02-16_23-47-21-5210_90.bmp,256,192,onion,49,111,93,151
_2015-02-16_23-47-21-5210_90.bmp,256,192,onion,10,109,50,149
_2015-02-16_23-47-21-5210_90.bmp,256,192,onion,98,123,138,164
_2015-02-16_23-47-21-5210_90.bmp,256,192,onion,21,149,61,186
_2015-02-16_23-47-21-5210_90.bmp,256,192,onion,65,150,106,191
_2015-02-16_23-47-21-5210_90.bmp,256,192,onion,120,152,165,191
_2015-02-16_23-47-32-7480_90.bmp,256,192,onion,36,7,76,46
_2015-02-16_23-47-32-7480_90.bmp,256,192,onion,72,40,112,77
_2015-02-16_23-47-32-7480_90.bmp,256,192,onion,114,71,150,108
_2015-02-16_23-47-32-7480_90.bmp,256,192,onion,12,61,53,103
_2015-02-16_23-47-32-7480_90.bmp,256,192,onion,10,102,61,154
_2015-02-16_23-47-32-7480_90.bmp,256,192,onion,52,75,97,114
_2015-02-16_23-47-32-7480_90.bmp,256,192,onion,99,107,140,151
_2015-02-16_23-47-32-7480_90.bmp,256,192,onion,58,112,101,154
_2015-02-16_23-47-32-7480_90.bmp,256,192,onion,10,151,56,190
_2015-02-16_23-47-32-7480_90.bmp,256,192,onion,59,153,100,191
_2015-02-16_23-47-32-7480_90.bmp,256,192,onion,101,150,143,191
_2015-02-16_23-47-35-5030_90.bmp,256,192,onion,14,70,57,111
_2015-02-16_23-47-35-5030_90.bmp,256,192,onion,55,81,98,121
_2015-02-16_23-47-35-5030_90.bmp,256,192,onion,14,112,59,150
_2015-02-16_23-47-35-5030_90.bmp,256,192,onion,70,118,111,157
_2015-02-16_23-47-35-5030_90.bmp,256,192,onion,97,146,141,189
_2015-02-16_23-47-35-5030_90.bmp,256,192,onion,49,146,86,187
_2015-02-16_23-47-35-5030_90.bmp,256,192,onion,11,150,48,186
_2015-02-16_23-47-46-1130_90.bmp,256,192,onion,12,73,53,115
_2015-02-16_23-47-46-1130_90.bmp,256,192,onion,14,143,56,187
_2015-02-16_23-47-46-1130_90.bmp,256,192,onion,31,104,79,155
_2015-02-16_23-47-46-1130_90.bmp,256,192,onion,65,144,106,186
_2015-02-16_23-47-46-1130_90.bmp,256,192,onion,68,81,109,118
_2015-02-16_23-47-46-1130_90.bmp,256,192,onion,91,111,141,158
_2015-02-16_23-47-46-1130_90.bmp,256,192,onion,119,149,161,188
_2015-02-16_23-39-05-9900_90.bmp,256,192,onion,12,20,55,52
_2015-02-16_23-39-05-9900_90.bmp,256,192,onion,14,53,62,95
_2015-02-16_23-39-05-9900_90.bmp,256,192,onion,11,95,64,146
_2015-02-16_23-39-05-9900_90.bmp,256,192,onion,13,146,62,190
_2015-02-16_23-39-05-9900_90.bmp,256,192,onion,63,146,106,189
_2015-02-16_23-39-05-9900_90.bmp,256,192,onion,114,142,167,191
_2015-02-16_23-39-08-6680_90.bmp,256,192,onion,21,54,55,96
_2015-02-16_23-39-08-6680_90.bmp,256,192,onion,53,63,99,111
_2015-02-16_23-39-08-6680_90.bmp,256,192,onion,16,94,65,147
_2015-02-16_23-39-08-6680_90.bmp,256,192,onion,67,109,103,148
_2015-02-16_23-39-08-6680_90.bmp,256,192,onion,104,128,136,161
_2015-02-16_23-39-18-2870_90.bmp,256,192,onion,57,32,99,73
_2015-02-16_23-39-18-2870_90.bmp,256,192,onion,12,54,64,104
_2015-02-16_23-39-18-2870_90.bmp,256,192,onion,83,65,136,112
_2015-02-16_23-39-18-2870_90.bmp,256,192,onion,102,108,144,152
_2015-02-16_23-39-18-2870_90.bmp,256,192,onion,44,96,93,147
_2015-02-16_23-39-18-2870_90.bmp,256,192,onion,14,141,59,189
_2015-02-16_23-39-18-2870_90.bmp,256,192,onion,60,143,111,189
_2015-02-16_23-39-21-0260_90.bmp,256,192,onion,26,55,77,102
_2015-02-16_23-39-21-0260_90.bmp,256,192,onion,78,48,124,102
_2015-02-16_23-39-21-0260_90.bmp,256,192,onion,60,98,113,148
_2015-02-16_23-39-21-0260_90.bmp,256,192,onion,13,100,59,153
_2015-02-16_23-39-31-9760_90.bmp,256,192,onion,116,36,153,74
_2015-02-16_23-39-31-9760_90.bmp,256,192,onion,32,53,69,90
_2015-02-16_23-39-31-9760_90.bmp,256,192,onion,65,61,116,110
_2015-02-16_23-39-31-9760_90.bmp,256,192,onion,116,70,164,117
_2015-02-16_23-39-31-9760_90.bmp,256,192,onion,114,119,157,156
_2015-02-16_23-39-31-9760_90.bmp,256,192,onion,127,154,164,190
_2015-02-16_23-39-31-9760_90.bmp,256,192,onion,46,108,96,156
_2015-02-16_23-39-31-9760_90.bmp,256,192,onion,85,142,125,191
_2015-02-16_23-39-31-9760_90.bmp,256,192,onion,14,150,44,188
_2015-02-16_23-39-31-9760_90.bmp,256,192,onion,12,111,46,150
_2015-02-16_23-39-31-9760_90.bmp,256,192,onion,13,80,50,113
_2015-02-16_23-39-31-9760_90.bmp,256,192,onion,46,154,82,192
_2015-02-16_23-39-31-9760_90.bmp,256,192,onion,192,91,194,104
_2015-02-16_23-39-34-7110_90.bmp,256,192,onion,56,72,108,125
_2015-02-16_23-39-34-7110_90.bmp,256,192,onion,24,107,70,151
_2015-02-16_23-39-34-7110_90.bmp,256,192,onion,85,115,129,152
_2015-02-16_23-39-34-7110_90.bmp,256,192,onion,8,147,56,191
_2015-02-16_23-39-34-7110_90.bmp,256,192,onion,58,142,103,189
_2015-02-16_23-39-45-2880_90.bmp,256,192,onion,74,72,127,128
_2015-02-16_23-39-45-2880_90.bmp,256,192,onion,17,108,65,154
_2015-02-16_23-39-45-2880_90.bmp,256,192,onion,73,124,113,161
_2015-02-16_23-39-45-2880_90.bmp,256,192,onion,114,118,154,155
_2015-02-16_23-39-45-2880_90.bmp,256,192,onion,118,152,159,190
_2015-02-16_23-39-45-2880_90.bmp,256,192,onion,48,146,87,188
_2015-02-16_23-39-45-2880_90.bmp,256,192,onion,10,154,47,190
_2015-02-16_23-39-48-0260_90.bmp,256,192,onion,131,120,160,155
_2015-02-16_23-39-48-0260_90.bmp,256,192,onion,92,101,133,143
_2015-02-16_23-39-48-0260_90.bmp,256,192,onion,49,107,95,155
_2015-02-16_23-39-48-0260_90.bmp,256,192,onion,66,73,103,110
_2015-02-16_23-39-48-0260_90.bmp,256,192,onion,17,72,64,116
_2015-02-16_23-39-48-0260_90.bmp,256,192,onion,17,0,54,33
_2015-02-16_23-39-48-0260_90.bmp,256,192,onion,18,34,59,71
_2015-02-16_23-39-57-0280_90.bmp,256,192,onion,105,73,150,121
_2015-02-16_23-39-57-0280_90.bmp,256,192,onion,62,82,100,122
_2015-02-16_23-39-57-0280_90.bmp,256,192,onion,16,66,62,116
_2015-02-16_23-39-57-0280_90.bmp,256,192,onion,13,14,64,64
_2015-02-16_23-39-57-0280_90.bmp,256,192,onion,67,15,103,54
_2015-02-16_23-39-57-0280_90.bmp,256,192,other,80,46,124,87
_2015-02-16_23-39-59-7610_90.bmp,256,192,onion,116,70,168,123
_2015-02-16_23-39-59-7610_90.bmp,256,192,onion,88,36,134,79
_2015-02-16_23-39-59-7610_90.bmp,256,192,onion,67,73,115,120
_2015-02-16_23-39-59-7610_90.bmp,256,192,onion,7,65,64,121
_2015-02-16_23-39-59-7610_90.bmp,256,192,onion,10,14,65,63
_2015-02-16_23-40-10-0140_90.bmp,256,192,onion,18,1,56,37
_2015-02-16_23-40-10-0140_90.bmp,256,192,onion,63,21,114,77
_2015-02-16_23-40-10-0140_90.bmp,256,192,onion,21,38,62,76
_2015-02-16_23-40-10-0140_90.bmp,256,192,onion,104,73,141,109
_2015-02-16_23-40-10-0140_90.bmp,256,192,onion,117,105,167,156
_2015-02-16_23-40-10-0140_90.bmp,256,192,onion,17,108,74,157
_2015-02-16_23-40-10-0140_90.bmp,256,192,onion,12,76,50,114
_2015-02-16_23-40-10-0140_90.bmp,256,192,onion,76,113,112,157
_2015-02-16_23-40-10-0140_90.bmp,256,192,onion,51,72,103,118
_2015-02-16_23-40-12-2660_90.bmp,256,192,onion,112,6,164,58
_2015-02-16_23-40-12-2660_90.bmp,256,192,onion,13,21,49,61
_2015-02-16_23-40-12-2660_90.bmp,256,192,onion,61,63,110,111
_2015-02-16_23-40-12-2660_90.bmp,256,192,onion,113,68,161,119
_2015-02-16_23-40-12-2660_90.bmp,256,192,onion,10,93,62,147
_2015-02-16_23-40-12-2660_90.bmp,256,192,onion,10,145,55,189
_2015-02-16_23-40-12-2660_90.bmp,256,192,onion,54,146,110,191
_2015-02-16_23-40-12-2660_90.bmp,256,192,onion,61,108,99,144
_2015-02-16_23-40-12-2660_90.bmp,256,192,onion,94,117,151,162
_2015-02-16_23-40-23-0660_90.bmp,256,192,onion,19,16,62,58
_2015-02-16_23-40-23-0660_90.bmp,256,192,onion,15,87,70,143
_2015-02-16_23-40-23-0660_90.bmp,256,192,onion,13,56,55,91
_2015-02-16_23-40-23-0660_90.bmp,256,192,onion,68,112,120,162
_2015-02-16_23-40-23-0660_90.bmp,256,192,onion,100,153,134,190
_2015-02-16_23-40-23-0660_90.bmp,256,192,onion,16,142,58,191
_2015-02-16_23-40-23-0660_90.bmp,256,192,onion,54,150,92,188
_2015-02-16_23-40-34-7570_90.bmp,256,192,onion,104,15,140,50
_2015-02-16_23-40-34-7570_90.bmp,256,192,onion,22,47,75,100
_2015-02-16_23-40-34-7570_90.bmp,256,192,onion,93,48,142,97
_2015-02-16_23-40-34-7570_90.bmp,256,192,onion,118,92,175,143
_2015-02-16_23-40-34-7570_90.bmp,256,192,onion,119,137,170,182
_2015-02-16_23-40-34-7570_90.bmp,256,192,onion,60,85,113,141
_2015-02-16_23-40-34-7570_90.bmp,256,192,onion,12,95,62,138
_2015-02-16_23-40-34-7570_90.bmp,256,192,onion,7,135,63,187
_2015-02-16_23-40-34-7570_90.bmp,256,192,onion,62,141,112,190
_2015-02-16_23-40-37-4990_90.bmp,256,192,onion,39,57,83,106
_2015-02-16_23-40-37-4990_90.bmp,256,192,onion,89,83,128,119
_2015-02-16_23-40-37-4990_90.bmp,256,192,onion,105,115,152,157
_2015-02-16_23-40-37-4990_90.bmp,256,192,onion,117,154,154,188
_2015-02-16_23-40-37-4990_90.bmp,256,192,onion,61,135,113,190
_2015-02-16_23-40-37-4990_90.bmp,256,192,onion,12,140,60,189
_2015-02-16_23-40-37-4990_90.bmp,256,192,onion,14,105,49,140
_2015-02-16_23-40-48-2340_90.bmp,256,192,onion,66,83,118,138
_2015-02-16_23-40-48-2340_90.bmp,256,192,onion,15,73,66,129
_2015-02-16_23-40-48-2340_90.bmp,256,192,onion,12,138,54,188
_2015-02-16_23-40-48-2340_90.bmp,256,192,onion,60,141,104,188
_2015-02-16_23-40-48-2340_90.bmp,256,192,onion,122,147,164,189
_2015-02-16_23-40-48-2340_90.bmp,256,192,onion,113,109,151,152
_2015-02-16_23-40-51-3920_90.bmp,256,192,onion,76,65,129,121
_2015-02-16_23-40-51-3920_90.bmp,256,192,onion,19,62,60,102
_2015-02-16_23-40-51-3920_90.bmp,256,192,onion,11,102,64,157
_2015-02-16_23-40-51-3920_90.bmp,256,192,onion,63,116,102,155
_2015-02-16_23-40-51-3920_90.bmp,256,192,onion,103,116,139,153
_2015-02-16_23-41-00-4900_90.bmp,256,192,onion,81,75,121,117
_2015-02-16_23-41-00-4900_90.bmp,256,192,onion,22,74,64,115
_2015-02-16_23-41-00-4900_90.bmp,256,192,onion,111,101,159,152
_2015-02-16_23-41-00-4900_90.bmp,256,192,onion,13,144,60,190
_2015-02-16_23-41-00-4900_90.bmp,256,192,onion,3,107,48,150
_2015-02-16_23-41-00-4900_90.bmp,256,192,onion,50,106,97,158
_2015-02-16_23-41-03-2270_90.bmp,256,192,onion,19,22,63,66
_2015-02-16_23-41-03-2270_90.bmp,256,192,onion,20,67,64,109
_2015-02-16_23-41-03-2270_90.bmp,256,192,onion,63,65,117,116
_2015-02-16_23-41-03-2270_90.bmp,256,192,onion,98,106,152,159
_2015-02-16_23-41-03-2270_90.bmp,256,192,onion,16,109,60,155
_2015-02-16_23-41-03-2270_90.bmp,256,192,onion,60,115,98,152
_2015-02-16_23-41-12-9920_90.bmp,256,192,onion,58,5,107,60
_2015-02-16_23-41-12-9920_90.bmp,256,192,onion,65,59,117,113
_2015-02-16_23-41-12-9920_90.bmp,256,192,onion,115,76,156,116
_2015-02-16_23-41-12-9920_90.bmp,256,192,onion,118,115,168,160
_2015-02-16_23-41-12-9920_90.bmp,256,192,onion,70,113,115,157
_2015-02-16_23-41-12-9920_90.bmp,256,192,onion,19,109,69,157
_2015-02-16_23-41-12-9920_90.bmp,256,192,onion,16,61,64,109
_2015-02-16_23-41-12-9920_90.bmp,256,192,onion,12,26,58,66
_2015-02-16_23-41-15-7160_90.bmp,256,192,onion,61,15,110,66
_2015-02-16_23-41-15-7160_90.bmp,256,192,onion,15,26,56,64
_2015-02-16_23-41-15-7160_90.bmp,256,192,onion,61,67,108,114
_2015-02-16_23-41-15-7160_90.bmp,256,192,onion,108,71,158,122
_2015-02-16_23-41-15-7160_90.bmp,256,192,onion,16,62,62,108
_2015-02-16_23-41-15-7160_90.bmp,256,192,onion,64,113,118,161
_2015-02-16_23-41-15-7160_90.bmp,256,192,onion,126,121,166,159
_2015-02-16_23-41-15-7160_90.bmp,256,192,onion,15,108,63,158
_2015-02-16_23-41-26-4670_90.bmp,256,192,onion,13,148,55,186
_2015-02-16_23-41-26-4670_90.bmp,256,192,onion,13,60,56,99
_2015-02-16_23-41-26-4670_90.bmp,256,192,onion,50,39,89,81
_2015-02-16_23-41-26-4670_90.bmp,256,192,onion,66,66,118,117
_2015-02-16_23-41-26-4670_90.bmp,256,192,onion,24,98,74,152
_2015-02-16_23-41-26-4670_90.bmp,256,192,onion,93,114,147,156
_2015-02-16_23-41-26-4670_90.bmp,256,192,onion,56,138,107,189
_2015-02-16_23-41-26-4670_90.bmp,256,192,onion,111,151,152,190
_2015-02-16_23-41-37-7760_90.bmp,256,192,onion,11,86,64,138
_2015-02-16_23-41-37-7760_90.bmp,256,192,onion,67,93,117,144
_2015-02-16_23-41-37-7760_90.bmp,256,192,onion,18,138,70,189
_2015-02-16_23-41-37-7760_90.bmp,256,192,onion,70,143,116,192
_2015-02-16_23-41-40-5080_90.bmp,256,192,onion,64,71,108,116
_2015-02-16_23-41-40-5080_90.bmp,256,192,onion,19,92,70,143
_2015-02-16_23-41-40-5080_90.bmp,256,192,onion,83,110,130,155
_2015-02-16_23-41-40-5080_90.bmp,256,192,onion,60,149,95,185
_2015-02-16_23-41-40-5080_90.bmp,256,192,onion,9,139,60,190
_2015-02-16_23-41-40-5080_90.bmp,256,192,onion,95,153,133,192
_2015-02-16_23-41-51-2090_90.bmp,256,192,onion,14,101,51,141
_2015-02-16_23-41-51-2090_90.bmp,256,192,onion,52,103,99,150
_2015-02-16_23-41-51-2090_90.bmp,256,192,onion,11,142,63,191
_2015-02-16_23-41-51-2090_90.bmp,256,192,onion,72,148,113,185
_2015-02-16_23-41-53-9930_90.bmp,256,192,onion,12,44,68,94
_2015-02-16_23-41-53-9930_90.bmp,256,192,onion,67,102,118,153
_2015-02-16_23-41-53-9930_90.bmp,256,192,onion,13,93,67,149
_2015-02-16_23-41-53-9930_90.bmp,256,192,onion,8,148,66,191
_2015-02-16_23-42-02-8270_90.bmp,256,192,onion,101,105,156,154
_2015-02-16_23-42-02-8270_90.bmp,256,192,onion,39,2,78,38
_2015-02-16_23-42-02-8270_90.bmp,256,192,onion,56,33,103,79
_2015-02-16_23-42-02-8270_90.bmp,256,192,onion,75,70,124,117
_2015-02-16_23-42-02-8270_90.bmp,256,192,onion,55,115,98,155
_2015-02-16_23-42-02-8270_90.bmp,256,192,onion,9,91,58,145
_2015-02-16_23-42-02-8270_90.bmp,256,192,onion,17,56,61,89
_2015-02-16_23-42-02-8270_90.bmp,256,192,onion,9,144,57,189
_2015-02-16_23-42-02-8270_90.bmp,256,192,onion,78,147,127,192
_2015-02-16_23-42-05-6270_90.bmp,256,192,onion,140,111,192,158
_2015-02-16_23-42-05-6270_90.bmp,256,192,onion,99,26,148,73
_2015-02-16_23-42-05-6270_90.bmp,256,192,onion,61,53,112,104
_2015-02-16_23-42-05-6270_90.bmp,256,192,onion,12,55,62,110
_2015-02-16_23-42-05-6270_90.bmp,256,192,onion,130,62,184,114
_2015-02-16_23-42-05-6270_90.bmp,256,192,onion,71,103,125,153
_2015-02-16_23-42-05-6270_90.bmp,256,192,onion,37,25,78,61
_2015-02-16_23-42-16-5630_90.bmp,256,192,onion,14,15,65,62
_2015-02-16_23-42-16-5630_90.bmp,256,192,onion,64,7,119,61
_2015-02-16_23-42-16-5630_90.bmp,256,192,onion,115,21,169,77
_2015-02-16_23-42-16-5630_90.bmp,256,192,onion,133,83,168,120
_2015-02-16_23-42-16-5630_90.bmp,256,192,onion,91,75,128,111
_2015-02-16_23-42-16-5630_90.bmp,256,192,onion,11,62,81,120
_2015-02-16_23-42-28-7630_90.bmp,256,192,onion,15,35,55,76
_2015-02-16_23-42-28-7630_90.bmp,256,192,onion,14,76,56,117
_2015-02-16_23-42-28-7630_90.bmp,256,192,onion,54,70,104,119
_2015-02-16_23-42-28-7630_90.bmp,256,192,onion,105,81,147,120
_2015-02-16_23-42-28-7630_90.bmp,256,192,onion,94,44,131,79
_2015-02-16_23-42-28-7630_90.bmp,256,192,onion,56,28,95,70
_2015-02-16_23-42-31-0600_90.bmp,256,192,onion,113,38,155,84
_2015-02-16_23-42-31-0600_90.bmp,256,192,onion,15,48,45,84
_2015-02-16_23-42-31-0600_90.bmp,256,192,onion,32,71,80,110
_2015-02-16_23-42-31-0600_90.bmp,256,192,onion,81,115,126,155
_2015-02-16_23-42-31-0600_90.bmp,256,192,onion,31,110,78,156
_2015-02-16_23-42-41-2630_90.bmp,256,192,onion,16,59,62,99
_2015-02-16_23-42-41-2630_90.bmp,256,192,onion,100,142,146,189
_2015-02-16_23-42-41-2630_90.bmp,256,192,onion,60,90,100,130
_2015-02-16_23-42-41-2630_90.bmp,256,192,onion,53,130,102,182
_2015-02-16_23-42-41-2630_90.bmp,256,192,onion,11,147,54,190
_2015-02-16_23-42-41-2630_90.bmp,256,192,onion,17,102,61,146
_2015-02-16_23-42-44-0090_90.bmp,256,192,onion,15,49,60,91
_2015-02-16_23-42-44-0090_90.bmp,256,192,onion,55,61,97,99
_2015-02-16_23-42-44-0090_90.bmp,256,192,onion,94,80,140,119
_2015-02-16_23-42-44-0090_90.bmp,256,192,onion,120,113,164,153
_2015-02-16_23-42-44-0090_90.bmp,256,192,onion,62,107,105,144
_2015-02-16_23-42-44-0090_90.bmp,256,192,onion,11,93,62,137
_2015-02-16_23-42-44-0090_90.bmp,256,192,onion,16,138,63,186
_2015-02-16_23-42-44-0090_90.bmp,256,192,onion,67,144,121,191
_2015-02-16_23-42-44-0090_90.bmp,256,192,onion,131,152,170,191
_2015-02-16_23-42-53-7240_90.bmp,256,192,onion,65,33,104,72
_2015-02-16_23-42-53-7240_90.bmp,256,192,onion,21,70,63,113
_2015-02-16_23-42-53-7240_90.bmp,256,192,onion,66,75,121,127
_2015-02-16_23-42-53-7240_90.bmp,256,192,onion,104,119,142,158
_2015-02-16_23-42-53-7240_90.bmp,256,192,onion,49,117,92,164
_2015-02-16_23-42-53-7240_90.bmp,256,192,onion,124,150,162,190
_2015-02-16_23-42-53-7240_90.bmp,256,192,onion,80,149,121,191
_2015-02-16_23-42-53-7240_90.bmp,256,192,onion,14,146,57,190
_2015-02-16_23-42-53-7240_90.bmp,256,192,onion,13,111,49,149
_2015-02-16_23-42-56-5250_90.bmp,256,192,onion,33,72,75,114
_2015-02-16_23-42-56-5250_90.bmp,256,192,onion,79,84,120,125
_2015-02-16_23-42-56-5250_90.bmp,256,192,onion,12,108,49,148
_2015-02-16_23-42-56-5250_90.bmp,256,192,onion,88,126,130,164
_2015-02-16_23-42-56-5250_90.bmp,256,192,onion,50,112,90,152
_2015-02-16_23-42-56-5250_90.bmp,256,192,onion,17,143,59,186
_2015-02-16_23-42-56-5250_90.bmp,256,192,onion,59,152,96,187
_2015-02-16_23-42-56-5250_90.bmp,256,192,onion,111,154,153,190
_2015-02-16_23-43-07-4380_90.bmp,256,192,onion,16,26,57,67
_2015-02-16_23-43-07-4380_90.bmp,256,192,onion,66,70,111,105
_2015-02-16_23-43-07-4380_90.bmp,256,192,onion,15,68,54,107
_2015-02-16_23-43-07-4380_90.bmp,256,192,onion,60,105,98,150
_2015-02-16_23-43-07-4380_90.bmp,256,192,onion,13,107,60,148
_2015-02-16_23-43-07-4380_90.bmp,256,192,onion,12,147,54,187
_2015-02-16_23-43-07-4380_90.bmp,256,192,onion,55,149,94,188
_2015-02-16_23-43-07-4380_90.bmp,256,192,onion,94,148,134,187
_2015-02-16_23-43-10-2060_90.bmp,256,192,onion,11,99,53,145
_2015-02-16_23-43-10-2060_90.bmp,256,192,onion,11,144,58,188
_2015-02-16_23-43-10-2060_90.bmp,256,192,onion,59,148,95,189
_2015-02-16_23-43-10-2060_90.bmp,256,192,onion,96,148,132,188
_2015-02-16_23-43-10-2060_90.bmp,256,192,onion,51,109,93,153
_2015-02-16_23-43-19-5890_90.bmp,256,192,onion,11,70,56,111
_2015-02-16_23-43-19-5890_90.bmp,256,192,onion,62,111,102,148
_2015-02-16_23-43-19-5890_90.bmp,256,192,onion,106,148,151,189
_2015-02-16_23-43-19-5890_90.bmp,256,192,onion,11,111,54,151
_2015-02-16_23-43-19-5890_90.bmp,256,192,onion,13,149,56,187
_2015-02-16_23-43-19-5890_90.bmp,256,192,onion,55,146,103,186
_2015-02-16_23-43-19-5890_90.bmp,256,192,onion,56,96,89,131
_2015-02-16_23-43-22-3540_90.bmp,256,192,onion,61,18,102,60
_2015-02-16_23-43-22-3540_90.bmp,256,192,onion,14,34,59,72
_2015-02-16_23-43-22-3540_90.bmp,256,192,onion,132,114,175,153
_2015-02-16_23-43-22-3540_90.bmp,256,192,onion,80,116,123,154
_2015-02-16_23-43-22-3540_90.bmp,256,192,onion,12,114,53,153
_2015-02-16_23-43-22-3540_90.bmp,256,192,onion,13,72,55,114
_2015-02-16_23-43-22-3540_90.bmp,256,192,onion,51,59,92,100
_2015-02-16_23-43-22-3540_90.bmp,256,192,onion,89,44,130,87
_2015-02-16_23-43-22-3540_90.bmp,256,192,onion,104,86,145,123
_2015-02-16_23-43-22-3540_90.bmp,256,192,onion,51,100,88,139
_2015-02-16_23-43-25-1440_90.bmp,256,192,onion,13,11,57,55
_2015-02-16_23-43-25-1440_90.bmp,256,192,onion,74,12,117,51
_2015-02-16_23-43-25-1440_90.bmp,256,192,onion,104,85,147,121
_2015-02-16_23-43-25-1440_90.bmp,256,192,onion,55,77,98,119
_2015-02-16_23-43-25-1440_90.bmp,256,192,onion,12,78,52,118
_2015-02-16_23-43-25-1440_90.bmp,256,192,onion,34,44,77,82
_2015-02-16_23-43-25-1440_90.bmp,256,192,onion,87,51,125,89
_2015-01-22_00-55-17-9570_90.bmp,256,192,onion,96,10,145,58
_2015-01-22_00-55-17-9570_90.bmp,256,192,onion,11,36,73,98
_2015-01-22_00-55-17-9570_90.bmp,256,192,onion,74,55,121,98
_2015-01-22_00-55-17-9570_90.bmp,256,192,onion,129,45,188,105
_2015-01-22_00-55-17-9570_90.bmp,256,192,onion,133,105,195,164
_2015-01-22_00-55-17-9570_90.bmp,256,192,onion,73,120,113,157
_2015-01-22_00-55-17-9570_90.bmp,256,192,onion,97,87,141,128
_2015-01-22_00-55-17-9570_90.bmp,256,192,rock,10,99,74,160
_2015-01-22_00-55-17-9570_90.bmp,256,192,rock,56,91,97,121
_2015-01-22_00-55-33-5580_90.bmp,256,192,onion,62,12,108,56
_2015-01-22_00-55-33-5580_90.bmp,256,192,onion,108,22,156,71
_2015-01-22_00-55-33-5580_90.bmp,256,192,onion,11,34,77,96
_2015-01-22_00-55-33-5580_90.bmp,256,192,onion,72,70,132,122
_2015-01-22_00-55-33-5580_90.bmp,256,192,onion,130,64,175,109
_2015-01-22_00-55-33-5580_90.bmp,256,192,onion,144,105,204,167
_2015-01-22_00-55-33-5580_90.bmp,256,192,onion,8,95,70,158
_2015-01-22_00-55-33-5580_90.bmp,256,192,rock,70,121,110,158
_2015-01-22_00-55-33-5580_90.bmp,256,192,rock,109,104,148,162
_2015-01-22_00-55-48-1740_90.bmp,256,192,onion,115,100,178,160
_2015-01-22_00-55-48-1740_90.bmp,256,192,onion,77,12,135,74
_2015-01-22_00-55-48-1740_90.bmp,256,192,onion,14,21,78,84
_2015-01-22_00-55-48-1740_90.bmp,256,192,onion,9,93,70,158
_2015-01-22_00-55-48-1740_90.bmp,256,192,onion,71,112,110,149
_2015-01-22_00-55-48-1740_90.bmp,256,192,onion,59,69,111,112
_2015-01-22_00-55-48-1740_90.bmp,256,192,wood,59,138,130,157
_2015-01-22_00-55-48-1740_90.bmp,256,192,onion,125,51,174,99
_2015-01-22_00-56-14-4550_90.bmp,256,192,rock,109,140,127,158
_2015-01-22_00-56-14-4550_90.bmp,256,192,rock,107,127,123,141
_2015-01-22_00-56-14-4550_90.bmp,256,192,onion,104,68,152,117
_2015-01-22_00-56-14-4550_90.bmp,256,192,onion,133,102,194,163
_2015-01-22_00-56-14-4550_90.bmp,256,192,onion,7,93,69,160
_2015-01-22_00-56-14-4550_90.bmp,256,192,onion,9,28,74,90
_2015-01-22_00-56-14-4550_90.bmp,256,192,onion,58,74,102,118
_2015-01-22_00-56-14-4550_90.bmp,256,192,onion,67,119,107,158
_2015-01-22_00-56-14-4550_90.bmp,256,192,onion,71,19,132,77
_2015-01-22_00-56-14-4550_90.bmp,256,192,rock,46,85,62,97
2015-02-19_00-54-19-0850_90.bmp,256,192,onion,14,30,66,83
2015-02-19_00-54-19-0850_90.bmp,256,192,onion,97,23,153,79
2015-02-19_00-54-19-0850_90.bmp,256,192,onion,151,36,200,85
2015-02-19_00-54-19-0850_90.bmp,256,192,onion,202,40,246,83
2015-02-19_00-54-19-0850_90.bmp,256,192,onion,61,88,117,137
2015-02-19_00-54-19-0850_90.bmp,256,192,onion,10,93,64,148
2015-02-19_00-54-19-0850_90.bmp,256,192,onion,143,122,196,176
2015-02-19_00-54-19-0850_90.bmp,256,192,onion,197,116,247,172
2015-02-19_00-54-19-0850_90.bmp,256,192,rock,120,90,156,148
2015-02-19_00-54-23-9830_90.bmp,256,192,onion,18,31,73,82
2015-02-19_00-54-23-9830_90.bmp,256,192,onion,101,24,154,80
2015-02-19_00-54-23-9830_90.bmp,256,192,onion,154,36,203,85
2015-02-19_00-54-23-9830_90.bmp,256,192,onion,203,38,245,84
2015-02-19_00-54-23-9830_90.bmp,256,192,onion,63,88,117,137
2015-02-19_00-54-23-9830_90.bmp,256,192,onion,141,121,196,175
2015-02-19_00-54-23-9830_90.bmp,256,192,onion,10,93,64,146
2015-02-19_00-54-23-9830_90.bmp,256,192,onion,195,116,248,172
2015-02-19_00-54-23-9830_90.bmp,256,192,rock,71,23,102,84
2015-02-19_00-54-30-6250_90.bmp,256,192,onion,11,92,64,146
2015-02-19_00-54-30-6250_90.bmp,256,192,onion,204,39,246,85
2015-02-19_00-54-35-6010_90.bmp,256,192,onion,11,92,63,146
2015-02-19_00-54-35-6010_90.bmp,256,192,onion,65,87,118,136
2015-02-19_00-54-35-6010_90.bmp,256,192,onion,140,121,195,175
2015-02-19_00-54-35-6010_90.bmp,256,192,onion,193,116,250,175
2015-02-19_00-54-35-6010_90.bmp,256,192,onion,155,35,204,83
2015-02-19_00-54-35-6010_90.bmp,256,192,onion,202,39,245,85
2015-02-19_00-54-35-6010_90.bmp,256,192,onion,100,29,154,83
2015-02-19_00-54-35-6010_90.bmp,256,192,onion,11,28,67,79
2015-02-19_00-54-35-6010_90.bmp,256,192,rock,121,90,181,123
2015-02-19_00-54-41-0130_90.bmp,256,192,onion,63,87,118,138
2015-02-19_00-54-41-0130_90.bmp,256,192,onion,140,121,195,177
2015-02-19_00-54-41-0130_90.bmp,256,192,onion,194,117,249,175
2015-02-19_00-54-41-0130_90.bmp,256,192,onion,155,34,204,87
2015-02-19_00-54-41-0130_90.bmp,256,192,onion,204,39,245,83
2015-02-19_00-54-41-0130_90.bmp,256,192,onion,66,22,123,79
2015-02-19_00-54-41-0130_90.bmp,256,192,onion,11,93,65,147
2015-02-19_00-54-41-0130_90.bmp,256,192,onion,11,29,65,80
2015-02-19_00-54-41-0130_90.bmp,256,192,rock,111,29,156,81
2015-02-19_00-54-46-4000_90.bmp,256,192,onion,61,87,115,141
2015-02-19_00-54-46-4000_90.bmp,256,192,onion,156,44,203,93
2015-02-19_00-54-46-4000_90.bmp,256,192,onion,140,121,194,175
2015-02-19_00-54-46-4000_90.bmp,256,192,onion,197,117,249,175
2015-02-19_00-54-46-4000_90.bmp,256,192,onion,10,112,68,162
2015-02-19_00-54-46-4000_90.bmp,256,192,onion,100,22,153,78
2015-02-19_00-54-46-4000_90.bmp,256,192,onion,204,41,245,85
2015-02-19_00-54-46-4000_90.bmp,256,192,onion,29,19,83,70
2015-02-19_00-54-46-4000_90.bmp,256,192,rock,16,85,71,117
2015-02-19_00-54-52-2610_90.bmp,256,192,onion,27,17,83,70
2015-02-19_00-54-52-2610_90.bmp,256,192,onion,100,22,152,78
2015-02-19_00-54-52-2610_90.bmp,256,192,onion,155,44,204,93
2015-02-19_00-54-52-2610_90.bmp,256,192,onion,206,39,246,85
2015-02-19_00-54-52-2610_90.bmp,256,192,onion,141,121,195,176
2015-02-19_00-54-52-2610_90.bmp,256,192,onion,196,116,248,174
2015-02-19_00-54-52-2610_90.bmp,256,192,onion,65,89,121,141
2015-02-19_00-54-52-2610_90.bmp,256,192,onion,11,93,66,147
2015-02-19_00-54-52-2610_90.bmp,256,192,other,120,90,153,127
2015-02-19_00-54-57-9200_90.bmp,256,192,onion,64,91,122,143
2015-02-19_00-54-57-9200_90.bmp,256,192,onion,11,94,65,146
2015-02-19_00-54-57-9200_90.bmp,256,192,onion,142,120,194,175
2015-02-19_00-54-57-9200_90.bmp,256,192,onion,197,117,249,173
2015-02-19_00-54-57-9200_90.bmp,256,192,onion,159,45,204,94
2015-02-19_00-54-57-9200_90.bmp,256,192,onion,207,41,247,85
2015-02-19_00-54-57-9200_90.bmp,256,192,onion,100,23,153,77
2015-02-19_00-54-57-9200_90.bmp,256,192,onion,23,8,75,59
2015-02-19_00-54-57-9200_90.bmp,256,192,rock,68,24,100,64
2015-02-19_00-55-04-3090_90.bmp,256,192,onion,66,91,121,144
2015-02-19_00-55-04-3090_90.bmp,256,192,onion,142,121,195,176
2015-02-19_00-55-04-3090_90.bmp,256,192,onion,195,116,248,172
2015-02-19_00-55-04-3090_90.bmp,256,192,onion,158,30,204,77
2015-02-19_00-55-04-3090_90.bmp,256,192,onion,203,39,246,83
2015-02-19_00-55-04-3090_90.bmp,256,192,onion,83,17,143,72
2015-02-19_00-55-04-3090_90.bmp,256,192,onion,21,8,78,60
2015-02-19_00-55-04-3090_90.bmp,256,192,onion,10,93,67,146
2015-02-19_00-55-04-3090_90.bmp,256,192,other,107,60,154,86
2015-02-19_00-55-11-9650_90.bmp,256,192,onion,10,95,68,148
2015-02-19_00-55-11-9650_90.bmp,256,192,onion,64,96,118,152
2015-02-19_00-55-11-9650_90.bmp,256,192,onion,116,100,170,154
2015-02-19_00-55-11-9650_90.bmp,256,192,onion,198,116,249,174
2015-02-19_00-55-11-9650_90.bmp,256,192,onion,204,40,246,84
2015-02-19_00-55-11-9650_90.bmp,256,192,onion,159,29,204,78
2015-02-19_00-55-11-9650_90.bmp,256,192,onion,90,18,145,73
2015-02-19_00-55-11-9650_90.bmp,256,192,onion,22,9,78,60
2015-02-19_00-55-11-9650_90.bmp,256,192,rock,102,88,147,112
2015-02-19_00-55-21-0930_90.bmp,256,192,onion,92,18,143,73
2015-02-19_00-55-21-0930_90.bmp,256,192,onion,20,8,79,60
2015-02-19_00-55-21-0930_90.bmp,256,192,onion,156,29,204,79
2015-02-19_00-55-21-0930_90.bmp,256,192,onion,203,39,245,84
2015-02-19_00-55-21-0930_90.bmp,256,192,onion,197,116,249,173
2015-02-19_00-55-21-0930_90.bmp,256,192,onion,119,116,171,172
2015-02-19_00-55-21-0930_90.bmp,256,192,onion,68,99,123,147
2015-02-19_00-55-21-0930_90.bmp,256,192,onion,11,95,67,149
2015-02-19_00-55-21-0930_90.bmp,256,192,rock,55,88,103,107
2015-02-19_00-55-31-4030_90.bmp,256,192,onion,20,9,78,61
2015-02-19_00-55-31-4030_90.bmp,256,192,onion,90,16,147,72
2015-02-19_00-55-31-4030_90.bmp,256,192,onion,159,29,202,77
2015-02-19_00-55-31-4030_90.bmp,256,192,onion,204,39,246,85
2015-02-19_00-55-31-4030_90.bmp,256,192,onion,197,116,248,172
2015-02-19_00-55-31-4030_90.bmp,256,192,onion,118,116,169,169
2015-02-19_00-55-31-4030_90.bmp,256,192,onion,66,99,122,148
2015-02-19_00-55-31-4030_90.bmp,256,192,onion,13,95,66,150
2015-02-19_00-55-31-4030_90.bmp,256,192,rock,65,62,83,84
2015-02-19_00-55-31-4030_90.bmp,256,192,rock,120,108,133,128
2015-02-19_00-55-31-4030_90.bmp,256,192,rock,54,85,100,107
2015-02-19_00-55-37-2530_90.bmp,256,192,onion,90,17,146,74
2015-02-19_00-55-37-2530_90.bmp,256,192,onion,157,27,205,77
2015-02-19_00-55-37-2530_90.bmp,256,192,onion,203,40,246,84
2015-02-19_00-55-37-2530_90.bmp,256,192,onion,196,116,248,172
2015-02-19_00-55-37-2530_90.bmp,256,192,onion,120,116,171,170
2015-02-19_00-55-37-2530_90.bmp,256,192,onion,12,94,65,148
2015-02-19_00-55-37-2530_90.bmp,256,192,onion,65,98,122,149
2015-02-19_00-55-37-2530_90.bmp,256,192,onion,23,9,78,59
2015-02-19_00-55-37-2530_90.bmp,256,192,rock,123,103,137,121
2015-02-19_00-55-37-2530_90.bmp,256,192,rock,54,87,99,107
2015-02-19_00-55-37-2530_90.bmp,256,192,rock,64,143,86,156
2015-02-19_00-55-43-4790_90.bmp,256,192,onion,23,8,76,59
2015-02-19_00-55-43-4790_90.bmp,256,192,onion,91,16,147,71
2015-02-19_00-55-43-4790_90.bmp,256,192,onion,157,28,204,78
2015-02-19_00-55-43-4790_90.bmp,256,192,onion,205,40,246,83
2015-02-19_00-55-43-4790_90.bmp,256,192,onion,197,116,247,174
2015-02-19_00-55-43-4790_90.bmp,256,192,onion,121,118,175,170
2015-02-19_00-55-43-4790_90.bmp,256,192,onion,72,91,128,143
2015-02-19_00-55-43-4790_90.bmp,256,192,onion,10,94,65,149
2015-02-19_00-55-43-4790_90.bmp,256,192,rock,128,102,145,118
2015-02-19_00-55-43-4790_90.bmp,256,192,rock,106,71,129,85
2015-02-19_00-55-43-4790_90.bmp,256,192,rock,55,88,95,110
2015-02-19_00-55-49-0000_90.bmp,256,192,onion,29,18,83,68
2015-02-19_00-55-49-0000_90.bmp,256,192,onion,91,17,147,74
2015-02-19_00-55-49-0000_90.bmp,256,192,onion,158,28,204,78
2015-02-19_00-55-49-0000_90.bmp,256,192,onion,202,40,245,85
2015-02-19_00-55-49-0000_90.bmp,256,192,onion,196,116,249,174
2015-02-19_00-55-49-0000_90.bmp,256,192,onion,121,115,171,172
2015-02-19_00-55-49-0000_90.bmp,256,192,onion,71,95,125,149
2015-02-19_00-55-49-0000_90.bmp,256,192,onion,15,98,70,154
2015-02-19_00-55-49-0000_90.bmp,256,192,rock,106,71,129,84
2015-02-19_00-55-49-0000_90.bmp,256,192,rock,142,55,158,78
2015-02-19_00-55-49-0000_90.bmp,256,192,rock,16,17,34,62
2015-02-19_00-55-55-3670_90.bmp,256,192,onion,13,98,69,154
2015-02-19_00-55-55-3670_90.bmp,256,192,onion,119,117,171,170
2015-02-19_00-55-55-3670_90.bmp,256,192,onion,197,116,247,174
2015-02-19_00-55-55-3670_90.bmp,256,192,onion,203,39,246,84
2015-02-19_00-55-55-3670_90.bmp,256,192,onion,156,27,205,76
2015-02-19_00-55-55-3670_90.bmp,256,192,onion,91,20,149,76
2015-02-19_00-55-55-3670_90.bmp,256,192,onion,30,18,83,69
2015-02-19_00-55-55-3670_90.bmp,256,192,rock,55,90,75,111
2015-02-19_00-55-55-3670_90.bmp,256,192,rock,16,17,32,71
2015-02-19_00-56-03-4970_90.bmp,256,192,onion,42,20,94,73
2015-02-19_00-56-03-4970_90.bmp,256,192,onion,102,11,159,69
2015-02-19_00-56-03-4970_90.bmp,256,192,onion,154,25,205,74
2015-02-19_00-56-03-4970_90.bmp,256,192,onion,201,38,245,85
2015-02-19_00-56-03-4970_90.bmp,256,192,onion,196,116,249,171
2015-02-19_00-56-03-4970_90.bmp,256,192,onion,120,116,172,170
2015-02-19_00-56-03-4970_90.bmp,256,192,onion,14,99,68,154
2015-02-19_00-56-03-4970_90.bmp,256,192,onion,68,95,125,150
2015-02-19_00-56-03-4970_90.bmp,256,192,rock,128,66,167,84
2015-02-19_00-56-03-4970_90.bmp,256,192,rock,64,70,85,84
2015-02-19_00-56-03-4970_90.bmp,256,192,rock,56,90,76,111
2015-02-19_00-56-03-4970_90.bmp,256,192,rock,113,82,115,92
2015-02-19_00-56-10-3110_90.bmp,256,192,onion,42,19,93,74
2015-02-19_00-56-10-3110_90.bmp,256,192,onion,94,15,149,73
2015-02-19_00-56-10-3110_90.bmp,256,192,onion,157,25,207,74
2015-02-19_00-56-10-3110_90.bmp,256,192,onion,202,38,245,84
2015-02-19_00-56-10-3110_90.bmp,256,192,onion,195,116,248,171
2015-02-19_00-56-10-3110_90.bmp,256,192,onion,118,115,166,170
2015-02-19_00-56-10-3110_90.bmp,256,192,onion,65,96,120,150
2015-02-19_00-56-10-3110_90.bmp,256,192,onion,10,101,65,157
2015-02-19_00-56-10-3110_90.bmp,256,192,rock,173,120,196,165
2015-02-19_00-56-10-3110_90.bmp,256,192,rock,93,88,109,99
2015-02-19_00-56-10-3110_90.bmp,256,192,rock,64,70,84,83
2015-02-19_00-56-22-2450_90.bmp,256,192,onion,92,14,149,73
2015-02-19_00-56-22-2450_90.bmp,256,192,onion,156,24,204,74
2015-02-19_00-56-22-2450_90.bmp,256,192,onion,202,38,246,85
2015-02-19_00-56-22-2450_90.bmp,256,192,onion,197,115,248,171
2015-02-19_00-56-22-2450_90.bmp,256,192,onion,123,117,174,173
2015-02-19_00-56-22-2450_90.bmp,256,192,onion,72,97,127,151
2015-02-19_00-56-22-2450_90.bmp,256,192,onion,11,100,65,156
2015-02-19_00-56-22-2450_90.bmp,256,192,onion,43,22,92,73
2015-02-19_00-56-22-2450_90.bmp,256,192,rock,66,70,83,84
2015-02-19_00-56-22-2450_90.bmp,256,192,rock,92,88,109,98
2015-02-19_00-56-22-2450_90.bmp,256,192,wood,64,87,81,183
2015-02-19_00-56-29-2960_90.bmp,256,192,rock,66,69,85,84
2015-02-19_00-56-29-2960_90.bmp,256,192,rock,92,88,108,101
2015-02-19_00-56-29-2960_90.bmp,256,192,wood,130,95,215,123
2015-02-19_00-56-29-2960_90.bmp,256,192,onion,46,22,95,73
2015-02-19_00-56-29-2960_90.bmp,256,192,onion,94,15,149,71
2015-02-19_00-56-29-2960_90.bmp,256,192,onion,157,24,206,74
2015-02-19_00-56-29-2960_90.bmp,256,192,onion,202,38,244,85
2015-02-19_00-56-29-2960_90.bmp,256,192,onion,10,101,65,157
2015-02-19_00-56-29-2960_90.bmp,256,192,onion,63,96,118,150
2015-02-19_00-56-29-2960_90.bmp,256,192,onion,116,118,164,172
2015-02-19_00-56-29-2960_90.bmp,256,192,onion,190,121,244,172
2015-02-19_00-56-35-3750_90.bmp,256,192,wood,94,64,186,83
2015-02-19_00-56-35-3750_90.bmp,256,192,rock,64,70,84,85
2015-02-19_00-56-35-3750_90.bmp,256,192,rock,94,88,108,100
2015-02-19_00-56-35-3750_90.bmp,256,192,onion,10,101,65,158
2015-02-19_00-56-35-3750_90.bmp,256,192,onion,65,96,119,150
2015-02-19_00-56-35-3750_90.bmp,256,192,onion,113,117,164,173
2015-02-19_00-56-35-3750_90.bmp,256,192,onion,190,121,245,171
2015-02-19_00-56-35-3750_90.bmp,256,192,onion,202,39,245,85
2015-02-19_00-56-35-3750_90.bmp,256,192,onion,94,15,150,69
2015-02-19_00-56-35-3750_90.bmp,256,192,onion,42,21,92,72
2015-02-19_00-56-35-3750_90.bmp,256,192,onion,159,24,205,73
2015-02-19_00-56-40-3250_90.bmp,256,192,rock,63,67,85,83
2015-02-19_00-56-40-3250_90.bmp,256,192,rock,92,87,108,100
2015-02-19_00-56-40-3250_90.bmp,256,192,wood,127,0,143,68
2015-02-19_00-56-40-3250_90.bmp,256,192,other,113,50,254,190
2015-02-19_00-56-40-3250_90.bmp,256,192,onion,12,101,65,157
2015-02-19_00-56-40-3250_90.bmp,256,192,onion,64,96,120,150
2015-02-19_00-56-40-3250_90.bmp,256,192,onion,22,24,78,79
2015-02-19_00-56-40-3250_90.bmp,256,192,onion,76,9,131,66
2015-02-19_00-56-40-3250_90.bmp,256,192,onion,162,3,219,49
2015-02-19_00-56-40-3250_90.bmp,256,192,onion,200,35,245,80
2015-02-19_00-56-44-2060_90.bmp,256,192,wood,127,1,148,88
2015-02-19_00-56-44-2060_90.bmp,256,192,rock,63,66,83,83
2015-02-19_00-56-44-2060_90.bmp,256,192,rock,91,87,108,100
2015-02-19_00-56-44-2060_90.bmp,256,192,onion,12,101,65,157
2015-02-19_00-56-44-2060_90.bmp,256,192,onion,23,25,76,77
2015-02-19_00-56-44-2060_90.bmp,256,192,onion,77,10,131,66
2015-02-19_00-56-44-2060_90.bmp,256,192,onion,166,4,215,49
2015-02-19_00-56-44-2060_90.bmp,256,192,onion,199,35,243,80
2015-02-19_00-56-44-2060_90.bmp,256,192,onion,189,120,245,171
2015-02-19_00-56-44-2060_90.bmp,256,192,onion,114,118,164,172
2015-02-19_00-56-44-2060_90.bmp,256,192,onion,64,96,120,150
2015-02-19_00-56-50-5740_90.bmp,256,192,wood,1,82,26,174
2015-02-19_00-56-50-5740_90.bmp,256,192,rock,65,66,83,83
2015-02-19_00-56-50-5740_90.bmp,256,192,rock,92,88,108,100
2015-02-19_00-56-50-5740_90.bmp,256,192,onion,28,25,78,78
2015-02-19_00-56-50-5740_90.bmp,256,192,onion,76,9,133,65
2015-02-19_00-56-50-5740_90.bmp,256,192,onion,165,5,218,48
2015-02-19_00-56-50-5740_90.bmp,256,192,onion,199,35,243,81
2015-02-19_00-56-50-5740_90.bmp,256,192,onion,190,120,246,171
2015-02-19_00-56-50-5740_90.bmp,256,192,onion,116,118,168,173
2015-02-19_00-56-50-5740_90.bmp,256,192,onion,66,97,121,148
2015-02-19_00-56-50-5740_90.bmp,256,192,onion,15,106,68,164
2015-02-19_00-56-56-1450_90.bmp,256,192,onion,165,2,216,49
2015-02-19_00-56-56-1450_90.bmp,256,192,onion,198,35,244,81
2015-02-19_00-56-56-1450_90.bmp,256,192,onion,190,120,244,171
2015-02-19_00-56-56-1450_90.bmp,256,192,onion,126,118,180,172
2015-02-19_00-56-56-1450_90.bmp,256,192,onion,71,94,125,149
2015-02-19_00-56-56-1450_90.bmp,256,192,onion,12,99,66,156
2015-02-19_00-56-56-1450_90.bmp,256,192,onion,25,26,77,77
2015-02-19_00-56-56-1450_90.bmp,256,192,rock,78,10,132,66
2015-02-19_00-56-56-1450_90.bmp,256,192,rock,64,67,83,81
2015-02-19_00-56-56-1450_90.bmp,256,192,rock,110,93,135,109
2015-02-19_00-56-56-1450_90.bmp,256,192,wood,49,134,97,151
2015-02-19_00-57-05-7390_90.bmp,256,192,wood,46,24,82,50
2015-02-19_00-57-05-7390_90.bmp,256,192,rock,60,64,81,84
2015-02-19_00-57-05-7390_90.bmp,256,192,rock,120,90,137,113
2015-02-19_00-57-05-7390_90.bmp,256,192,onion,11,101,66,158
2015-02-19_00-57-05-7390_90.bmp,256,192,onion,72,101,127,157
2015-02-19_00-57-05-7390_90.bmp,256,192,onion,136,119,189,176
2015-02-19_00-57-05-7390_90.bmp,256,192,onion,191,120,245,171
2015-02-19_00-57-05-7390_90.bmp,256,192,onion,200,36,243,80
2015-02-19_00-57-05-7390_90.bmp,256,192,onion,166,3,218,49
2015-02-19_00-57-05-7390_90.bmp,256,192,onion,78,16,130,69
2015-02-19_00-57-05-7390_90.bmp,256,192,onion,16,31,69,82
2015-02-19_00-57-12-7380_90.bmp,256,192,wood,45,69,147,84
2015-02-19_00-57-12-7380_90.bmp,256,192,rock,119,90,138,113
2015-02-19_00-57-12-7380_90.bmp,256,192,rock,62,63,79,79
2015-02-19_00-57-12-7380_90.bmp,256,192,onion,13,29,65,83
2015-02-19_00-57-12-7380_90.bmp,256,192,onion,67,19,121,74
2015-02-19_00-57-12-7380_90.bmp,256,192,onion,162,5,215,50
2015-02-19_00-57-12-7380_90.bmp,256,192,onion,200,35,245,81
2015-02-19_00-57-12-7380_90.bmp,256,192,onion,190,119,245,173
2015-02-19_00-57-12-7380_90.bmp,256,192,onion,138,121,185,177
2015-02-19_00-57-12-7380_90.bmp,256,192,onion,72,101,129,157
2015-02-19_00-57-12-7380_90.bmp,256,192,onion,11,103,66,159
2015-02-19_00-57-23-5310_90.bmp,256,192,wood,13,88,74,173
2015-02-19_00-57-23-5310_90.bmp,256,192,rock,63,62,80,78
2015-02-19_00-57-23-5310_90.bmp,256,192,rock,122,89,137,112
2015-02-19_00-57-23-5310_90.bmp,256,192,onion,5,87,62,141
2015-02-19_00-57-23-5310_90.bmp,256,192,onion,13,31,64,82
2015-02-19_00-57-23-5310_90.bmp,256,192,onion,66,20,120,75
2015-02-19_00-57-23-5310_90.bmp,256,192,onion,162,5,219,50
2015-02-19_00-57-23-5310_90.bmp,256,192,onion,199,36,240,80
2015-02-19_00-57-23-5310_90.bmp,256,192,onion,189,120,246,173
2015-02-19_00-57-23-5310_90.bmp,256,192,onion,139,120,193,177
2015-02-19_00-57-23-5310_90.bmp,256,192,onion,56,106,113,160
2015-02-19_00-58-15-9630_90.bmp,256,192,potato,145,80,195,123
2015-02-19_00-58-15-9630_90.bmp,256,192,onion,7,87,64,144
2015-02-19_00-58-15-9630_90.bmp,256,192,onion,16,26,69,81
2015-02-19_00-58-15-9630_90.bmp,256,192,onion,68,12,122,68
2015-02-19_00-58-15-9630_90.bmp,256,192,onion,63,86,117,144
2015-02-19_00-58-15-9630_90.bmp,256,192,onion,137,122,189,177
2015-02-19_00-58-15-9630_90.bmp,256,192,onion,190,120,244,173
2015-02-19_00-58-15-9630_90.bmp,256,192,onion,163,5,216,50
2015-02-19_00-58-15-9630_90.bmp,256,192,onion,198,36,245,80
2015-02-19_00-58-21-7720_90.bmp,256,192,potato,70,44,120,85
2015-02-19_00-58-21-7720_90.bmp,256,192,onion,9,90,65,145
2015-02-19_00-58-21-7720_90.bmp,256,192,onion,64,87,117,143
2015-02-19_00-58-21-7720_90.bmp,256,192,onion,137,122,189,176
2015-02-19_00-58-21-7720_90.bmp,256,192,onion,193,121,245,173
2015-02-19_00-58-21-7720_90.bmp,256,192,onion,200,35,243,80
2015-02-19_00-58-21-7720_90.bmp,256,192,onion,165,4,218,50
2015-02-19_00-58-21-7720_90.bmp,256,192,onion,105,1,160,57
2015-02-19_00-58-21-7720_90.bmp,256,192,onion,16,28,69,80
2015-02-19_00-58-27-6340_90.bmp,256,192,potato,62,86,98,139
2015-02-19_00-58-27-6340_90.bmp,256,192,onion,18,28,70,80
2015-02-19_00-58-27-6340_90.bmp,256,192,onion,105,5,162,60
2015-02-19_00-58-27-6340_90.bmp,256,192,onion,164,3,217,51
2015-02-19_00-58-27-6340_90.bmp,256,192,onion,198,36,243,82
2015-02-19_00-58-27-6340_90.bmp,256,192,onion,190,120,245,173
2015-02-19_00-58-27-6340_90.bmp,256,192,onion,141,123,189,178
2015-02-19_00-58-27-6340_90.bmp,256,192,onion,97,91,152,148
2015-02-19_00-58-27-6340_90.bmp,256,192,onion,8,91,64,147
2015-02-19_00-58-33-9380_90.bmp,256,192,potato,16,29,51,81
2015-02-19_00-58-33-9380_90.bmp,256,192,onion,50,29,100,82
2015-02-19_00-58-33-9380_90.bmp,256,192,onion,105,6,162,62
2015-02-19_00-58-33-9380_90.bmp,256,192,onion,166,3,216,50
2015-02-19_00-58-33-9380_90.bmp,256,192,onion,199,36,243,80
2015-02-19_00-58-33-9380_90.bmp,256,192,onion,8,90,64,146
2015-02-19_00-58-33-9380_90.bmp,256,192,onion,89,95,145,150
2015-02-19_00-58-33-9380_90.bmp,256,192,onion,139,122,191,178
2015-02-19_00-58-33-9380_90.bmp,256,192,onion,193,120,246,175
2015-02-19_00-58-39-8350_90.bmp,256,192,potato,113,32,152,85
2015-02-19_00-58-39-8350_90.bmp,256,192,onion,9,89,64,147
2015-02-19_00-58-39-8350_90.bmp,256,192,onion,12,30,66,83
2015-02-19_00-58-39-8350_90.bmp,256,192,onion,150,29,198,81
2015-02-19_00-58-39-8350_90.bmp,256,192,onion,60,8,118,62
2015-02-19_00-58-39-8350_90.bmp,256,192,onion,201,37,246,82
2015-02-19_00-58-39-8350_90.bmp,256,192,onion,190,119,243,171
2015-02-19_00-58-39-8350_90.bmp,256,192,onion,89,94,147,150
2015-02-19_00-58-39-8350_90.bmp,256,192,onion,140,121,189,178
2023-02-01_14-51-37-1710_90.bmp,256,192,onion,12,31,68,81
2023-02-01_14-51-37-1710_90.bmp,256,192,onion,70,26,125,80
2023-02-01_14-51-37-1710_90.bmp,256,192,onion,164,103,221,159
2023-02-01_14-51-37-1710_90.bmp,256,192,onion,60,90,112,139
2023-02-01_14-51-37-1710_90.bmp,256,192,onion,13,89,60,135
2023-02-01_14-51-37-1710_90.bmp,256,192,onion,53,140,101,182
2023-02-01_14-56-55-8210_90.bmp,256,192,onion,12,30,68,79
2023-02-01_14-56-55-8210_90.bmp,256,192,onion,70,25,124,80
2023-02-01_14-56-55-8210_90.bmp,256,192,onion,117,99,173,153
2023-02-01_14-56-55-8210_90.bmp,256,192,onion,55,89,109,140
2023-02-01_14-56-55-8210_90.bmp,256,192,onion,14,89,57,136
2023-02-01_14-56-55-8210_90.bmp,256,192,onion,54,138,103,181
2023-02-01_14-57-03-3510_90.bmp,256,192,onion,11,30,68,81
2023-02-01_14-57-03-3510_90.bmp,256,192,onion,71,24,126,78
2023-02-01_14-57-03-3510_90.bmp,256,192,onion,118,97,172,151
2023-02-01_14-57-03-3510_90.bmp,256,192,onion,55,89,110,138
2023-02-01_14-57-03-3510_90.bmp,256,192,onion,15,88,60,135
2023-02-01_14-57-03-3510_90.bmp,256,192,onion,54,138,101,181
2023-02-01_14-57-08-4190_90.bmp,256,192,other,118,0,255,190
2023-02-01_14-57-08-4190_90.bmp,256,192,onion,117,99,173,152
2023-02-01_14-57-08-4190_90.bmp,256,192,onion,8,19,62,75
2023-02-01_14-57-08-4190_90.bmp,256,192,onion,64,19,118,75
2023-02-01_14-57-08-4190_90.bmp,256,192,onion,59,88,107,138
2023-02-01_14-57-08-4190_90.bmp,256,192,onion,15,88,58,134
2023-02-01_14-57-08-4190_90.bmp,256,192,onion,55,139,103,182
2023-02-01_14-57-15-0100_90.bmp,256,192,onion,126,17,183,80
2023-02-01_14-57-15-0100_90.bmp,256,192,onion,64,24,118,79
2023-02-01_14-57-15-0100_90.bmp,256,192,onion,14,23,66,80
2023-02-01_14-57-15-0100_90.bmp,256,192,onion,13,89,56,136
2023-02-01_14-57-15-0100_90.bmp,256,192,onion,56,89,110,140
2023-02-01_14-57-15-0100_90.bmp,256,192,onion,117,97,173,151
2023-02-01_14-57-15-0100_90.bmp,256,192,onion,53,140,102,182
2023-02-01_14-57-20-0460_90.bmp,256,192,rock,187,33,219,54
2023-02-01_14-57-20-0460_90.bmp,256,192,onion,131,25,191,86
2023-02-01_14-57-20-0460_90.bmp,256,192,onion,117,97,173,152
2023-02-01_14-57-20-0460_90.bmp,256,192,onion,58,89,109,140
2023-02-01_14-57-20-0460_90.bmp,256,192,onion,13,90,57,134
2023-02-01_14-57-20-0460_90.bmp,256,192,onion,9,22,65,77
2023-02-01_14-57-20-0460_90.bmp,256,192,onion,63,22,117,78
2023-02-01_14-57-20-0460_90.bmp,256,192,onion,53,139,102,183
2023-02-01_14-57-25-7280_90.bmp,256,192,onion,149,25,213,85
2023-02-01_14-57-25-7280_90.bmp,256,192,onion,65,22,118,79
2023-02-01_14-57-25-7280_90.bmp,256,192,onion,10,21,65,78
2023-02-01_14-57-25-7280_90.bmp,256,192,onion,104,106,158,162
2023-02-01_14-57-25-7280_90.bmp,256,192,onion,130,104,132,106
2023-02-01_14-57-25-7280_90.bmp,256,192,onion,56,89,109,141
2023-02-01_14-57-25-7280_90.bmp,256,192,onion,13,88,56,135
2023-02-01_14-57-25-7280_90.bmp,256,192,onion,54,139,101,183
2023-02-01_14-57-30-2430_90.bmp,256,192,onion,10,22,64,77
2023-02-01_14-57-30-2430_90.bmp,256,192,onion,64,22,118,78
2023-02-01_14-57-30-2430_90.bmp,256,192,onion,150,24,212,84
2023-02-01_14-57-30-2430_90.bmp,256,192,onion,104,107,158,162
2023-02-01_14-57-30-2430_90.bmp,256,192,onion,56,139,102,183
2023-02-01_14-57-30-2430_90.bmp,256,192,onion,13,89,58,135
2023-02-01_14-57-30-2430_90.bmp,256,192,onion,57,89,108,139
2015-02-19_00-47-05-4310_90.bmp,256,192,onion,34,108,89,162
2015-02-19_00-47-05-4310_90.bmp,256,192,onion,91,108,143,165
2015-02-19_00-47-05-4310_90.bmp,256,192,onion,143,123,194,176
2015-02-19_00-47-05-4310_90.bmp,256,192,onion,197,116,249,172
2015-02-19_00-47-05-4310_90.bmp,256,192,onion,158,74,209,125
2015-02-19_00-47-05-4310_90.bmp,256,192,onion,208,75,247,116
2015-02-19_00-47-05-4310_90.bmp,256,192,onion,112,29,162,85
2015-02-19_00-47-05-4310_90.bmp,256,192,onion,64,28,111,84
2015-02-19_00-47-05-4310_90.bmp,256,192,onion,11,31,62,82
2015-02-19_00-47-20-2850_90.bmp,256,192,onion,34,108,90,162
2015-02-19_00-47-20-2850_90.bmp,256,192,onion,90,107,143,164
2015-02-19_00-47-20-2850_90.bmp,256,192,onion,143,123,196,177
2015-02-19_00-47-20-2850_90.bmp,256,192,onion,198,116,249,171
2015-02-19_00-47-20-2850_90.bmp,256,192,onion,158,74,209,125
2015-02-19_00-47-20-2850_90.bmp,256,192,onion,206,75,248,114
2015-02-19_00-47-20-2850_90.bmp,256,192,onion,12,32,63,83
2015-02-19_00-47-20-2850_90.bmp,256,192,onion,64,28,112,85
2015-02-19_00-47-20-2850_90.bmp,256,192,onion,112,28,161,84
2015-02-19_00-47-20-2850_90.bmp,256,192,rock,82,88,102,115
2015-02-19_00-47-26-5070_90.bmp,256,192,onion,11,31,63,81
2015-02-19_00-47-26-5070_90.bmp,256,192,onion,64,29,112,83
2015-02-19_00-47-26-5070_90.bmp,256,192,onion,113,28,162,84
2015-02-19_00-47-26-5070_90.bmp,256,192,onion,162,73,210,126
2015-02-19_00-47-26-5070_90.bmp,256,192,onion,34,108,89,162
2015-02-19_00-47-26-5070_90.bmp,256,192,onion,91,107,143,164
2015-02-19_00-47-26-5070_90.bmp,256,192,onion,142,124,193,176
2015-02-19_00-47-26-5070_90.bmp,256,192,onion,199,115,249,172
2015-02-19_00-47-26-5070_90.bmp,256,192,onion,201,34,247,78
2015-02-19_00-47-26-5070_90.bmp,256,192,rock,160,38,182,81
2015-02-19_00-47-32-1350_90.bmp,256,192,onion,32,108,89,162
2015-02-19_00-47-32-1350_90.bmp,256,192,onion,201,34,246,77
2015-02-19_00-47-32-1350_90.bmp,256,192,onion,91,107,144,164
2015-02-19_00-47-32-1350_90.bmp,256,192,onion,162,73,210,125
2015-02-19_00-47-32-1350_90.bmp,256,192,onion,142,124,194,177
2015-02-19_00-47-32-1350_90.bmp,256,192,onion,197,116,249,173
2015-02-19_00-47-32-1350_90.bmp,256,192,onion,112,29,161,85
2015-02-19_00-47-32-1350_90.bmp,256,192,onion,63,29,112,85
2015-02-19_00-47-32-1350_90.bmp,256,192,onion,11,32,62,82
2015-02-19_00-47-32-1350_90.bmp,256,192,rock,52,16,80,40
2015-02-19_00-47-38-5150_90.bmp,256,192,rock,47,140,79,167
2015-02-19_00-47-38-5150_90.bmp,256,192,onion,29,92,85,143
2015-02-19_00-47-38-5150_90.bmp,256,192,onion,89,105,143,159
2015-02-19_00-47-38-5150_90.bmp,256,192,onion,143,124,194,177
2015-02-19_00-47-38-5150_90.bmp,256,192,onion,197,116,249,173
2015-02-19_00-47-38-5150_90.bmp,256,192,onion,161,74,209,125
2015-02-19_00-47-38-5150_90.bmp,256,192,onion,201,33,248,77
2015-02-19_00-47-38-5150_90.bmp,256,192,onion,112,28,161,84
2015-02-19_00-47-38-5150_90.bmp,256,192,onion,62,28,112,83
2015-02-19_00-47-38-5150_90.bmp,256,192,onion,10,30,61,81
2015-02-19_00-47-44-9710_90.bmp,256,192,onion,11,31,61,82
2015-02-19_00-47-44-9710_90.bmp,256,192,onion,15,100,71,154
2015-02-19_00-47-44-9710_90.bmp,256,192,onion,89,104,142,160
2015-02-19_00-47-44-9710_90.bmp,256,192,onion,143,125,194,177
2015-02-19_00-47-44-9710_90.bmp,256,192,onion,162,74,210,125
2015-02-19_00-47-44-9710_90.bmp,256,192,onion,197,116,249,172
2015-02-19_00-47-44-9710_90.bmp,256,192,onion,201,34,246,77
2015-02-19_00-47-44-9710_90.bmp,256,192,onion,112,29,160,85
2015-02-19_00-47-44-9710_90.bmp,256,192,onion,64,29,112,84
2015-02-19_00-47-44-9710_90.bmp,256,192,rock,133,0,157,36
2015-02-19_00-48-20-4930_90.bmp,256,192,onion,15,100,71,154
2015-02-19_00-48-20-4930_90.bmp,256,192,onion,89,104,142,160
2015-02-19_00-48-20-4930_90.bmp,256,192,onion,158,79,207,128
2015-02-19_00-48-20-4930_90.bmp,256,192,rock,174,56,210,91
2015-02-19_00-48-20-4930_90.bmp,256,192,onion,201,29,247,72
2015-02-19_00-48-20-4930_90.bmp,256,192,onion,143,125,194,177
2015-02-19_00-48-20-4930_90.bmp,256,192,onion,195,117,248,171
2015-02-19_00-48-20-4930_90.bmp,256,192,onion,112,29,160,85
2015-02-19_00-48-20-4930_90.bmp,256,192,onion,63,27,112,83
2015-02-19_00-48-20-4930_90.bmp,256,192,onion,11,31,62,82
2015-02-19_00-48-27-1540_90.bmp,256,192,onion,11,31,63,82
2015-02-19_00-48-27-1540_90.bmp,256,192,onion,64,29,112,83
2015-02-19_00-48-27-1540_90.bmp,256,192,onion,117,11,164,69
2015-02-19_00-48-27-1540_90.bmp,256,192,onion,187,44,232,86
2015-02-19_00-48-27-1540_90.bmp,256,192,onion,160,80,209,128
2015-02-19_00-48-27-1540_90.bmp,256,192,onion,195,117,248,173
2015-02-19_00-48-27-1540_90.bmp,256,192,onion,142,126,194,177
2015-02-19_00-48-27-1540_90.bmp,256,192,onion,89,104,143,160
2015-02-19_00-48-27-1540_90.bmp,256,192,onion,15,101,70,154
2015-02-19_00-48-27-1540_90.bmp,256,192,rock,104,60,143,86
2015-02-19_00-48-39-9370_90.bmp,256,192,onion,11,31,62,81
2015-02-19_00-48-39-9370_90.bmp,256,192,onion,63,29,112,84
2015-02-19_00-48-39-9370_90.bmp,256,192,onion,124,7,172,64
2015-02-19_00-48-39-9370_90.bmp,256,192,onion,187,44,233,85
2015-02-19_00-48-39-9370_90.bmp,256,192,onion,160,79,210,128
2015-02-19_00-48-39-9370_90.bmp,256,192,onion,92,103,145,160
2015-02-19_00-48-39-9370_90.bmp,256,192,onion,13,94,66,149
2015-02-19_00-48-39-9370_90.bmp,256,192,onion,142,124,194,178
2015-02-19_00-48-39-9370_90.bmp,256,192,onion,195,117,248,172
2015-02-19_00-48-39-9370_90.bmp,256,192,rock,55,112,94,165
2015-02-19_00-48-45-7180_90.bmp,256,192,onion,12,92,67,147
2015-02-19_00-48-45-7180_90.bmp,256,192,onion,9,27,64,80
2015-02-19_00-48-45-7180_90.bmp,256,192,onion,65,25,114,81
2015-02-19_00-48-45-7180_90.bmp,256,192,rock,117,48,181,89
2015-02-19_00-48-45-7180_90.bmp,256,192,onion,189,41,231,86
2015-02-19_00-48-45-7180_90.bmp,256,192,onion,161,80,211,128
2015-02-19_00-48-45-7180_90.bmp,256,192,onion,91,103,144,159
2015-02-19_00-48-45-7180_90.bmp,256,192,onion,196,117,247,172
2015-02-19_00-48-45-7180_90.bmp,256,192,onion,141,123,194,177
2015-02-19_00-48-50-4850_90.bmp,256,192,onion,14,92,66,146
2015-02-19_00-48-50-4850_90.bmp,256,192,onion,91,103,144,159
2015-02-19_00-48-50-4850_90.bmp,256,192,onion,142,124,194,177
2015-02-19_00-48-50-4850_90.bmp,256,192,onion,195,116,248,172
2015-02-19_00-48-50-4850_90.bmp,256,192,onion,193,41,236,84
2015-02-19_00-48-50-4850_90.bmp,256,192,onion,144,42,193,90
2015-02-19_00-48-50-4850_90.bmp,256,192,onion,66,29,116,84
2015-02-19_00-48-50-4850_90.bmp,256,192,rock,17,3,80,33
2015-02-19_00-48-50-4850_90.bmp,256,192,onion,13,34,65,83
2015-02-19_00-48-59-0000_90.bmp,256,192,onion,12,91,65,147
2015-02-19_00-48-59-0000_90.bmp,256,192,onion,142,125,194,177
2015-02-19_00-48-59-0000_90.bmp,256,192,onion,198,121,248,173
2015-02-19_00-48-59-0000_90.bmp,256,192,onion,13,31,64,82
2015-02-19_00-48-59-0000_90.bmp,256,192,onion,64,29,115,84
2015-02-19_00-48-59-0000_90.bmp,256,192,onion,149,40,197,87
2015-02-19_00-48-59-0000_90.bmp,256,192,onion,197,39,242,84
2015-02-19_00-48-59-0000_90.bmp,256,192,rock,141,91,171,124
2015-02-19_00-48-59-0000_90.bmp,256,192,onion,167,78,228,138
2015-02-19_00-49-08-5330_90.bmp,256,192,onion,13,32,63,82
2015-02-19_00-49-08-5330_90.bmp,256,192,onion,64,29,116,83
2015-02-19_00-49-08-5330_90.bmp,256,192,onion,144,41,193,89
2015-02-19_00-49-08-5330_90.bmp,256,192,onion,196,39,241,83
2015-02-19_00-49-08-5330_90.bmp,256,192,onion,195,117,248,173
2015-02-19_00-49-08-5330_90.bmp,256,192,onion,142,125,194,178
2015-02-19_00-49-08-5330_90.bmp,256,192,onion,94,93,147,146
2015-02-19_00-49-08-5330_90.bmp,256,192,onion,36,106,93,159
2015-02-19_00-49-08-5330_90.bmp,256,192,rock,5,84,54,117
2015-02-19_00-49-13-9270_90.bmp,256,192,onion,36,100,93,152
2015-02-19_00-49-13-9270_90.bmp,256,192,onion,94,94,147,146
2015-02-19_00-49-13-9270_90.bmp,256,192,onion,142,125,195,178
2015-02-19_00-49-13-9270_90.bmp,256,192,onion,196,117,248,172
2015-02-19_00-49-13-9270_90.bmp,256,192,onion,201,41,245,84
2015-02-19_00-49-13-9270_90.bmp,256,192,rock,166,39,202,98
2015-02-19_00-49-13-9270_90.bmp,256,192,onion,115,40,164,86
2015-02-19_00-49-13-9270_90.bmp,256,192,onion,62,29,112,82
2015-02-19_00-49-13-9270_90.bmp,256,192,onion,11,31,62,82
2015-02-19_00-49-20-5880_90.bmp,256,192,onion,195,117,248,171
2015-02-19_00-49-20-5880_90.bmp,256,192,onion,143,125,194,177
2015-02-19_00-49-20-5880_90.bmp,256,192,onion,94,93,147,146
2015-02-19_00-49-20-5880_90.bmp,256,192,onion,36,99,93,153
2015-02-19_00-49-20-5880_90.bmp,256,192,onion,202,41,245,84
2015-02-19_00-49-20-5880_90.bmp,256,192,onion,136,34,186,82
2015-02-19_00-49-20-5880_90.bmp,256,192,onion,83,29,136,85
2015-02-19_00-49-20-5880_90.bmp,256,192,rock,47,10,102,45
2015-02-19_00-49-20-5880_90.bmp,256,192,onion,12,32,63,82
2015-02-19_00-49-27-7760_90.bmp,256,192,onion,195,117,248,173
2015-02-19_00-49-27-7760_90.bmp,256,192,onion,142,125,195,177
2015-02-19_00-49-27-7760_90.bmp,256,192,onion,94,93,147,147
2015-02-19_00-49-27-7760_90.bmp,256,192,onion,37,100,93,153
2015-02-19_00-49-27-7760_90.bmp,256,192,onion,13,31,65,82
2015-02-19_00-49-27-7760_90.bmp,256,192,onion,201,40,245,83
2015-02-19_00-49-27-7760_90.bmp,256,192,onion,158,13,207,64
2015-02-19_00-49-27-7760_90.bmp,256,192,rock,128,50,178,88
2015-02-19_00-49-27-7760_90.bmp,256,192,onion,74,27,128,83
2015-02-19_00-49-35-4510_90.bmp,256,192,onion,196,117,248,173
2015-02-19_00-49-35-4510_90.bmp,256,192,onion,142,124,195,178
2015-02-19_00-49-35-4510_90.bmp,256,192,onion,94,93,147,146
2015-02-19_00-49-35-4510_90.bmp,256,192,onion,36,100,93,153
2015-02-19_00-49-35-4510_90.bmp,256,192,onion,202,40,245,83
2015-02-19_00-49-35-4510_90.bmp,256,192,onion,143,35,193,85
2015-02-19_00-49-35-4510_90.bmp,256,192,rock,118,68,148,86
2015-02-19_00-49-35-4510_90.bmp,256,192,onion,13,31,65,82
2015-02-19_00-49-35-4510_90.bmp,256,192,onion,73,27,127,82
2015-02-19_00-49-41-6220_90.bmp,256,192,onion,195,117,248,173
2015-02-19_00-49-41-6220_90.bmp,256,192,onion,142,124,195,177
2015-02-19_00-49-41-6220_90.bmp,256,192,onion,95,94,148,146
2015-02-19_00-49-41-6220_90.bmp,256,192,rock,82,87,100,111
2015-02-19_00-49-41-6220_90.bmp,256,192,onion,36,100,93,153
2015-02-19_00-49-41-6220_90.bmp,256,192,onion,202,40,246,83
2015-02-19_00-49-41-6220_90.bmp,256,192,onion,151,35,200,86
2015-02-19_00-49-41-6220_90.bmp,256,192,onion,72,27,126,81
2015-02-19_00-49-41-6220_90.bmp,256,192,onion,13,31,65,82
_2015-02-16_23-47-49-3600_90.bmp,256,192,onion,76,110,143,159
_2015-02-16_23-47-49-3600_90.bmp,256,192,onion,54,78,96,119
_2015-02-16_23-47-49-3600_90.bmp,256,192,onion,15,74,53,113
_2015-02-16_23-47-49-3600_90.bmp,256,192,onion,14,114,56,152
_2015-02-16_23-47-58-1180_90.bmp,256,192,onion,121,153,160,190
_2015-02-16_23-47-58-1180_90.bmp,256,192,onion,79,150,120,189
_2015-02-16_23-47-58-1180_90.bmp,256,192,onion,100,116,143,160
_2015-02-16_23-47-58-1180_90.bmp,256,192,onion,46,128,85,168
_2015-02-16_23-47-58-1180_90.bmp,256,192,onion,13,152,55,188
_2015-02-16_23-47-58-1180_90.bmp,256,192,onion,11,111,51,154
_2015-02-16_23-47-58-1180_90.bmp,256,192,onion,92,77,133,116
_2015-02-16_23-47-58-1180_90.bmp,256,192,onion,55,93,97,130
_2015-02-16_23-47-58-1180_90.bmp,256,192,onion,20,72,60,111
_2015-02-16_23-47-58-1180_90.bmp,256,192,onion,54,53,98,93
_2015-02-16_23-47-58-1180_90.bmp,256,192,onion,95,33,140,77
_2015-02-16_23-47-58-1180_90.bmp,256,192,onion,51,13,93,53
_2015-02-16_23-47-58-1180_90.bmp,256,192,onion,13,30,54,72
2015-02-19_00-45-37-0710_90.bmp,256,192,onion,197,116,248,171
2015-02-19_00-45-37-0710_90.bmp,256,192,onion,205,75,247,116
2015-02-19_00-45-37-0710_90.bmp,256,192,onion,158,73,209,126
2015-02-19_00-45-37-0710_90.bmp,256,192,onion,143,123,194,175
2015-02-19_00-45-37-0710_90.bmp,256,192,onion,91,108,142,163
2015-02-19_00-45-37-0710_90.bmp,256,192,onion,34,108,89,162
2015-02-19_00-45-37-0710_90.bmp,256,192,onion,112,29,160,86
2015-02-19_00-45-37-0710_90.bmp,256,192,onion,64,30,112,83
2015-02-19_00-45-37-0710_90.bmp,256,192,onion,11,32,63,81
2015-02-19_00-46-45-6330_90.bmp,256,192,onion,33,108,89,162
2015-02-19_00-46-45-6330_90.bmp,256,192,onion,198,116,249,171
2015-02-19_00-46-45-6330_90.bmp,256,192,onion,204,75,247,116
2015-02-19_00-46-45-6330_90.bmp,256,192,onion,158,74,210,126
2015-02-19_00-46-45-6330_90.bmp,256,192,onion,143,123,195,176
2015-02-19_00-46-45-6330_90.bmp,256,192,onion,90,107,143,164
2015-02-19_00-46-45-6330_90.bmp,256,192,onion,112,28,160,85
2015-02-19_00-46-45-6330_90.bmp,256,192,onion,64,29,112,84
2015-02-19_00-46-45-6330_90.bmp,256,192,onion,11,32,63,82
2015-02-19_00-49-58-6840_90.bmp,256,192,onion,195,117,248,173
2015-02-19_00-49-58-6840_90.bmp,256,192,onion,143,125,194,177
2015-02-19_00-49-58-6840_90.bmp,256,192,onion,95,93,148,147
2015-02-19_00-49-58-6840_90.bmp,256,192,onion,37,100,93,152
2015-02-19_00-49-58-6840_90.bmp,256,192,onion,202,40,246,84
2015-02-19_00-49-58-6840_90.bmp,256,192,onion,151,36,200,86
2015-02-19_00-49-58-6840_90.bmp,256,192,onion,72,27,127,81
2015-02-19_00-49-58-6840_90.bmp,256,192,rock,60,53,79,82
2015-02-19_00-49-58-6840_90.bmp,256,192,onion,12,31,63,81
2015-02-19_00-50-03-9710_90.bmp,256,192,onion,195,117,248,172
2015-02-19_00-50-03-9710_90.bmp,256,192,onion,142,124,194,177
2015-02-19_00-50-03-9710_90.bmp,256,192,onion,96,93,148,146
2015-02-19_00-50-03-9710_90.bmp,256,192,onion,37,100,94,153
2015-02-19_00-50-03-9710_90.bmp,256,192,onion,202,40,246,83
2015-02-19_00-50-03-9710_90.bmp,256,192,onion,151,36,200,86
2015-02-19_00-50-03-9710_90.bmp,256,192,onion,65,24,119,79
2015-02-19_00-50-03-9710_90.bmp,256,192,rock,50,67,79,84
2015-02-19_00-50-03-9710_90.bmp,256,192,onion,12,28,64,77
2015-02-19_00-50-28-3710_90.bmp,256,192,onion,195,117,248,173
2015-02-19_00-50-28-3710_90.bmp,256,192,onion,142,125,194,177
2015-02-19_00-50-28-3710_90.bmp,256,192,onion,95,93,148,147
2015-02-19_00-50-28-3710_90.bmp,256,192,onion,36,99,94,145
2015-02-19_00-50-28-3710_90.bmp,256,192,onion,152,36,200,85
2015-02-19_00-50-28-3710_90.bmp,256,192,onion,202,40,246,83
2015-02-19_00-50-28-3710_90.bmp,256,192,onion,67,22,121,76
2015-02-19_00-50-28-3710_90.bmp,256,192,onion,14,12,67,62
2015-02-19_00-50-28-3710_90.bmp,256,192,wood,23,118,153,167
2015-02-19_00-50-28-3710_90.bmp,256,192,other,39,128,138,191
2015-02-19_00-50-40-7300_90.bmp,256,192,onion,196,118,248,172
2015-02-19_00-50-40-7300_90.bmp,256,192,onion,143,125,195,177
2015-02-19_00-50-40-7300_90.bmp,256,192,onion,97,96,150,150
2015-02-19_00-50-40-7300_90.bmp,256,192,onion,37,100,93,153
2015-02-19_00-50-40-7300_90.bmp,256,192,onion,203,41,246,83
2015-02-19_00-50-40-7300_90.bmp,256,192,onion,150,37,200,86
2015-02-19_00-50-40-7300_90.bmp,256,192,onion,67,22,121,76
2015-02-19_00-50-40-7300_90.bmp,256,192,onion,15,12,67,61
2015-02-19_00-50-40-7300_90.bmp,256,192,wood,25,89,118,107
2015-02-19_00-51-04-3120_90.bmp,256,192,onion,196,118,248,173
2015-02-19_00-51-04-3120_90.bmp,256,192,onion,143,124,195,178
2015-02-19_00-51-04-3120_90.bmp,256,192,onion,97,96,150,148
2015-02-19_00-51-04-3120_90.bmp,256,192,onion,39,101,95,153
2015-02-19_00-51-04-3120_90.bmp,256,192,onion,202,40,246,83
2015-02-19_00-51-04-3120_90.bmp,256,192,onion,151,36,200,86
2015-02-19_00-51-04-3120_90.bmp,256,192,onion,67,22,122,76
2015-02-19_00-51-04-3120_90.bmp,256,192,onion,16,14,67,61
2015-02-19_00-51-04-3120_90.bmp,256,192,rock,42,76,140,86
2015-02-19_00-51-12-3000_90.bmp,256,192,onion,195,117,248,172
2015-02-19_00-51-12-3000_90.bmp,256,192,onion,143,125,195,177
2015-02-19_00-51-12-3000_90.bmp,256,192,onion,97,95,150,149
2015-02-19_00-51-12-3000_90.bmp,256,192,wood,143,95,234,109
2015-02-19_00-51-12-3000_90.bmp,256,192,onion,39,100,95,154
2015-02-19_00-51-12-3000_90.bmp,256,192,onion,202,40,246,83
2015-02-19_00-51-12-3000_90.bmp,256,192,onion,151,36,200,86
2015-02-19_00-51-12-3000_90.bmp,256,192,onion,67,22,121,76
2015-02-19_00-51-12-3000_90.bmp,256,192,onion,14,11,68,61
2015-02-19_00-51-18-3710_90.bmp,256,192,onion,196,118,248,172
2015-02-19_00-51-18-3710_90.bmp,256,192,onion,143,124,196,176
2015-02-19_00-51-18-3710_90.bmp,256,192,onion,98,95,151,149
2015-02-19_00-51-18-3710_90.bmp,256,192,onion,19,89,76,142
2015-02-19_00-51-18-3710_90.bmp,256,192,rock,58,89,97,183
2015-02-19_00-51-18-3710_90.bmp,256,192,onion,202,40,246,84
2015-02-19_00-51-18-3710_90.bmp,256,192,onion,152,36,200,87
2015-02-19_00-51-18-3710_90.bmp,256,192,onion,67,22,121,77
2015-02-19_00-51-18-3710_90.bmp,256,192,onion,15,11,67,60
2015-02-19_00-51-25-1730_90.bmp,256,192,onion,196,117,248,173
2015-02-19_00-51-25-1730_90.bmp,256,192,onion,143,125,196,176
2015-02-19_00-51-25-1730_90.bmp,256,192,onion,98,95,151,150
2015-02-19_00-51-25-1730_90.bmp,256,192,onion,19,89,76,142
2015-02-19_00-51-25-1730_90.bmp,256,192,onion,202,43,246,85
2015-02-19_00-51-25-1730_90.bmp,256,192,onion,153,29,203,78
2015-02-19_00-51-25-1730_90.bmp,256,192,onion,68,25,122,81
2015-02-19_00-51-25-1730_90.bmp,256,192,onion,19,9,72,58
2015-02-19_00-51-25-1730_90.bmp,256,192,wood,135,49,184,105
2015-02-19_00-51-30-1340_90.bmp,256,192,onion,196,118,249,172
2015-02-19_00-51-30-1340_90.bmp,256,192,onion,143,124,196,176
2015-02-19_00-51-30-1340_90.bmp,256,192,onion,99,94,151,149
2015-02-19_00-51-30-1340_90.bmp,256,192,onion,19,90,76,142
2015-02-19_00-51-30-1340_90.bmp,256,192,onion,202,41,246,85
2015-02-19_00-51-30-1340_90.bmp,256,192,onion,148,35,197,84
2015-02-19_00-51-30-1340_90.bmp,256,192,onion,68,25,124,80
2015-02-19_00-51-30-1340_90.bmp,256,192,onion,11,8,65,56
2015-02-19_00-51-30-1340_90.bmp,256,192,wood,52,0,80,84
2015-02-19_00-51-34-9200_90.bmp,256,192,onion,195,118,248,173
2015-02-19_00-51-34-9200_90.bmp,256,192,onion,144,125,195,176
2015-02-19_00-51-34-9200_90.bmp,256,192,onion,99,95,150,148
2015-02-19_00-51-34-9200_90.bmp,256,192,onion,202,41,246,85
2015-02-19_00-51-34-9200_90.bmp,256,192,onion,149,35,197,84
2015-02-19_00-51-34-9200_90.bmp,256,192,onion,69,26,123,79
2015-02-19_00-51-34-9200_90.bmp,256,192,onion,19,9,72,56
2015-02-19_00-51-34-9200_90.bmp,256,192,wood,17,66,36,158
2015-02-19_00-51-34-9200_90.bmp,256,192,onion,27,103,84,157
2015-02-19_00-51-41-1160_90.bmp,256,192,onion,196,116,248,171
2015-02-19_00-51-41-1160_90.bmp,256,192,onion,144,124,196,177
2015-02-19_00-51-41-1160_90.bmp,256,192,rock,117,85,172,166
2015-02-19_00-51-41-1160_90.bmp,256,192,onion,61,90,114,143
2015-02-19_00-51-41-1160_90.bmp,256,192,onion,11,100,61,155
2015-02-19_00-51-41-1160_90.bmp,256,192,onion,202,41,246,85
2015-02-19_00-51-41-1160_90.bmp,256,192,onion,148,35,197,85
2015-02-19_00-51-41-1160_90.bmp,256,192,onion,68,25,123,80
2015-02-19_00-51-41-1160_90.bmp,256,192,onion,19,8,73,57
2015-02-19_00-51-46-6030_90.bmp,256,192,onion,196,117,248,172
2015-02-19_00-51-46-6030_90.bmp,256,192,onion,143,124,196,176
2015-02-19_00-51-46-6030_90.bmp,256,192,onion,61,90,114,143
2015-02-19_00-51-46-6030_90.bmp,256,192,onion,11,99,62,155
2015-02-19_00-51-46-6030_90.bmp,256,192,onion,202,41,246,84
2015-02-19_00-51-46-6030_90.bmp,256,192,onion,148,35,197,84
2015-02-19_00-51-46-6030_90.bmp,256,192,onion,71,29,126,84
2015-02-19_00-51-46-6030_90.bmp,256,192,onion,14,25,70,76
2015-02-19_00-51-46-6030_90.bmp,256,192,wood,65,0,80,84
2015-02-19_00-51-52-3020_90.bmp,256,192,onion,196,118,248,172
2015-02-19_00-51-52-3020_90.bmp,256,192,onion,144,124,196,177
2015-02-19_00-51-52-3020_90.bmp,256,192,onion,62,90,114,143
2015-02-19_00-51-52-3020_90.bmp,256,192,onion,11,100,62,154
2015-02-19_00-51-52-3020_90.bmp,256,192,onion,202,41,246,84
2015-02-19_00-51-52-3020_90.bmp,256,192,onion,149,36,198,86
2015-02-19_00-51-52-3020_90.bmp,256,192,onion,66,31,119,84
2015-02-19_00-51-52-3020_90.bmp,256,192,onion,12,27,63,77
2015-02-19_00-51-52-3020_90.bmp,256,192,wood,64,17,159,42
2015-02-19_00-52-03-4420_90.bmp,256,192,onion,197,118,248,172
2015-02-19_00-52-03-4420_90.bmp,256,192,onion,143,124,196,176
2015-02-19_00-52-03-4420_90.bmp,256,192,potato,124,90,172,131
2015-02-19_00-52-03-4420_90.bmp,256,192,onion,62,91,114,143
2015-02-19_00-52-03-4420_90.bmp,256,192,onion,12,99,64,154
2015-02-19_00-52-03-4420_90.bmp,256,192,onion,202,41,246,85
2015-02-19_00-52-03-4420_90.bmp,256,192,onion,148,36,197,85
2015-02-19_00-52-03-4420_90.bmp,256,192,onion,65,31,121,85
2015-02-19_00-52-03-4420_90.bmp,256,192,onion,12,26,65,78
2015-02-19_00-52-08-9470_90.bmp,256,192,onion,12,26,65,78
2015-02-19_00-52-08-9470_90.bmp,256,192,onion,197,117,248,172
2015-02-19_00-52-08-9470_90.bmp,256,192,onion,144,124,197,176
2015-02-19_00-52-08-9470_90.bmp,256,192,onion,102,96,152,151
2015-02-19_00-52-08-9470_90.bmp,256,192,onion,47,105,101,159
2015-02-19_00-52-08-9470_90.bmp,256,192,onion,202,41,245,85
2015-02-19_00-52-08-9470_90.bmp,256,192,onion,148,36,197,85
2015-02-19_00-52-08-9470_90.bmp,256,192,onion,65,30,120,85
2015-02-19_00-52-08-9470_90.bmp,256,192,potato,10,87,54,135
2015-02-19_00-52-16-6200_90.bmp,256,192,onion,198,117,248,171
2015-02-19_00-52-16-6200_90.bmp,256,192,onion,144,124,197,177
2015-02-19_00-52-16-6200_90.bmp,256,192,onion,102,96,153,150
2015-02-19_00-52-16-6200_90.bmp,256,192,onion,46,104,101,159
2015-02-19_00-52-16-6200_90.bmp,256,192,onion,203,40,246,84
2015-02-19_00-52-16-6200_90.bmp,256,192,onion,154,37,203,87
2015-02-19_00-52-16-6200_90.bmp,256,192,potato,119,32,156,84
2015-02-19_00-52-16-6200_90.bmp,256,192,onion,65,30,120,84
2015-02-19_00-52-16-6200_90.bmp,256,192,onion,11,28,65,79
2015-02-19_00-52-22-5510_90.bmp,256,192,onion,197,116,248,171
2015-02-19_00-52-22-5510_90.bmp,256,192,onion,144,123,197,177
2015-02-19_00-52-22-5510_90.bmp,256,192,onion,101,96,153,150
2015-02-19_00-52-22-5510_90.bmp,256,192,onion,46,104,100,159
2015-02-19_00-52-22-5510_90.bmp,256,192,onion,202,40,245,84
2015-02-19_00-52-22-5510_90.bmp,256,192,onion,154,37,201,87
2015-02-19_00-52-22-5510_90.bmp,256,192,onion,101,15,158,71
2015-02-19_00-52-22-5510_90.bmp,256,192,rock,64,41,111,84
2015-02-19_00-52-22-5510_90.bmp,256,192,onion,11,29,64,81
2015-02-19_00-52-26-8090_90.bmp,256,192,onion,45,104,100,158
2015-02-19_00-52-26-8090_90.bmp,256,192,onion,195,117,248,172
2015-02-19_00-52-26-8090_90.bmp,256,192,onion,143,123,196,177
2015-02-19_00-52-26-8090_90.bmp,256,192,onion,101,97,153,152
2015-02-19_00-52-26-8090_90.bmp,256,192,potato,153,85,207,122
2015-02-19_00-52-26-8090_90.bmp,256,192,onion,202,40,245,84
2015-02-19_00-52-26-8090_90.bmp,256,192,onion,152,36,201,85
2015-02-19_00-52-26-8090_90.bmp,256,192,onion,97,24,152,79
2015-02-19_00-52-26-8090_90.bmp,256,192,onion,13,30,67,81
2015-02-19_00-49-54-5340_90.bmp,256,192,onion,195,117,248,172
2015-02-19_00-49-54-5340_90.bmp,256,192,onion,140,122,194,176
2015-02-19_00-49-54-5340_90.bmp,256,192,onion,95,93,149,147
2015-02-19_00-49-54-5340_90.bmp,256,192,onion,37,100,93,153
2015-02-19_00-49-54-5340_90.bmp,256,192,rock,17,88,44,110
2015-02-19_00-49-54-5340_90.bmp,256,192,onion,202,40,245,83
2015-02-19_00-49-54-5340_90.bmp,256,192,onion,150,37,200,86
2015-02-19_00-49-54-5340_90.bmp,256,192,onion,72,27,126,80
2015-02-19_00-49-54-5340_90.bmp,256,192,onion,13,31,65,82
